"search_string","unique_name","approximate_match","ott_id","is_synonym","flags","number_matches","chosen.name","chosen.ott_id"
"acanthephyra_curtirostris","Acanthepyra cultirostris",TRUE,2974286,FALSE,"",3,NA,563063
"acanthephyra_stylorostratis","Acanthephyra stylorostratis",TRUE,367600,FALSE,"sibling_higher",2,NA,367600
"acanthina_punctulata","Acanthinucella punctulata",TRUE,294761,FALSE,"",2,NA,294761
"acetes_intermedius","Acetes intermedius",TRUE,2970917,FALSE,"",3,NA,2970917
"achirus_lineatus","Cynoglossus bilineatus",TRUE,100805,FALSE,"",4,NA,153494
"agama_hispida","Agama hispida",TRUE,620401,FALSE,"sibling_higher",2,NA,620401
"agama_rueppelli","Agama rueppelli",TRUE,568287,FALSE,"sibling_higher",4,NA,568287
"ageneiosus_brevifilis","Ageneiosus inermis",TRUE,1077781,FALSE,"",2,NA,1077781
"agkistrodon_contortrix","Agkistrodon contortrix",TRUE,27080,FALSE,"",2,NA,27080
"aglantha_digitale","Aglantha digitale",TRUE,459324,FALSE,"",2,NA,459324
"agonostomus_monticola","Agonostomus monticola",TRUE,760514,FALSE,"",2,NA,760514
"agonum_dorsale","Anchomenus dorsalis",TRUE,222324,FALSE,"",2,NA,222324
"alligator_mississippiensis","Alligator mississippiensis",TRUE,335590,FALSE,"",3,NA,335590
"alloteuthis_media","Alloteuthis media",TRUE,801587,FALSE,"",2,NA,801587
"alopoglossus_angulatus","Alopoglossus angulatus",TRUE,545549,FALSE,"",2,NA,545549
"ambystoma_cingulatum","Ambystoma annulatum",TRUE,287733,FALSE,"",3,NA,412661
"ambystoma_rivulare","Ambystoma rivulare",TRUE,675687,FALSE,"",2,NA,675687
"ameiurus_natalis","Ameiurus natalis",TRUE,362803,FALSE,"",2,NA,362803
"ameiva_festiva","Holcosus festivus",TRUE,153490,FALSE,"",2,NA,153490
"amphilophus_citrinellus","Amphilophus citrinellus",TRUE,358037,FALSE,"sibling_higher",2,NA,358037
"amphiura_filiformis","Aphorura filiformis",TRUE,7701764,FALSE,"",4,NA,269275
"anasterias_antarctica","Anasterias antarctica",TRUE,904273,FALSE,"",2,NA,904273
"anaxyrus_debilis","Anaxyrus debilis",TRUE,436339,FALSE,"",2,NA,436339
"aneides_ferreus","Aneides ferreus",TRUE,459361,FALSE,"",2,NA,459361
"aneides_lugubris","Aneides lugubris",TRUE,64142,FALSE,"",2,NA,64142
"anguilla_anguilla","Anguilla anguilla",TRUE,854201,FALSE,"",2,NA,854201
"anolis_chrysolepis","Anolis chrysolepis",TRUE,901110,FALSE,"",3,NA,901110
"anolis_fuscoauratus","Anolis fuscoauratus",TRUE,653137,FALSE,"",2,NA,653137
"anolis_humilis","Agenioideus humilis",TRUE,5811063,FALSE,"sibling_higher",4,NA,967569
"anolis_limifrons","Anolis limifrons",TRUE,245842,FALSE,"",6,NA,245842
"anolis_punctatus","Anolis punctatus",TRUE,973783,FALSE,"",3,NA,973783
"anolis_scypheus","Anolis scypheus",TRUE,6157172,FALSE,"",2,NA,6157172
"aphanius_farsicus","Aphanius farsicus",TRUE,818337,FALSE,"",2,NA,818337
"aphanius_fasciatus","Aphanius fasciatus",TRUE,763270,FALSE,"",4,NA,763270
"aplocheilichthys_johnstoni","Micropanchax johnstoni",TRUE,3641893,FALSE,"",3,NA,3641893
"aplodinotus_grunniens","Aplodinotus grunniens",TRUE,691811,FALSE,"",2,NA,691811
"argyropelecus_lychnus","Argyropelecus lychnus",TRUE,462614,FALSE,"",2,NA,462614
"artedidraco_loennbergi","Artedidraco lonnbergi",TRUE,816890,FALSE,"",4,NA,816890
"artedidraco_orianae","Artedidraconidae",TRUE,504797,FALSE,"",2,NA,871232
"asterias_rubens","Echinaster sepositus",TRUE,893169,FALSE,"sibling_higher",4,NA,721252
"astropecten_aranciacus","Astropecten aranciacus",TRUE,91274,FALSE,"",3,NA,91274
"astropecten_articulatus","Astropecten articulatus",TRUE,258316,FALSE,"",2,NA,258316
"astropecten_indicus","Astropecten indicus",TRUE,443981,FALSE,"",3,NA,443981
"astropecten_irregularis","Astropecten irregularis",TRUE,269238,FALSE,"",2,NA,269238
"astrostole_scabra","Astrostole scabra",TRUE,1045256,FALSE,"",2,NA,1045256
"atherina_boyeri","Atherina boyeri",TRUE,415774,FALSE,"sibling_higher",2,NA,415774
"aurelia_limbata","Aurelia limbata",TRUE,408842,FALSE,"",2,NA,408842
"aythya_affinis","Aythya affinis",TRUE,1044556,FALSE,"",3,NA,1044556
"bairdiella_chrysoura","Bairdiella chrysoura",TRUE,761907,FALSE,"",3,NA,761907
"balaenoptera_acutorostrata","Balaenoptera acutorostrata",TRUE,800317,FALSE,"",2,NA,800317
"barbus_paludinosus","Enteromius paludinosus",TRUE,446410,FALSE,"",2,NA,446410
"belone_belone","Belone belone",TRUE,6991,FALSE,"",2,NA,6991
"bembidion_lampros","Bembidion lampros",TRUE,349492,FALSE,"",2,NA,349492
"bolitoglossa_mexicana","Bolitoglossa mexicana",TRUE,391973,FALSE,"",2,NA,391973
"boulengerella_lucius","Boulengerella lucius",TRUE,3625790,FALSE,"",3,NA,3625790
"boulengerula_taitanus","Boulengerula taitana",TRUE,42297,FALSE,"",2,NA,42297
"brisingella_coronata","Hymenodiscus coronata",TRUE,3657315,FALSE,"",2,NA,3657315
"bufo_japonicus","Bufo japonicus",TRUE,889333,FALSE,"",3,NA,889333
"caecilia_gracilis","Valenzuela gracilis",TRUE,3430354,FALSE,"",3,NA,3617882
"callianira_antarctica","Callianira antarctica",TRUE,3684104,FALSE,"",2,NA,3684104
"callinectes_sapidus","Callinectes arcuatus",TRUE,81821,FALSE,"",3,NA,182906
"callinectes_similis","Callinectes similis",TRUE,454975,FALSE,"",2,NA,454975
"cambarincola_chirocephalus","Cambarincola chirocephalus",TRUE,177815,FALSE,"",2,NA,177815
"cambarincola_vitreus","Cambarincola vitreus",TRUE,111931,FALSE,"",2,NA,111931
"cancer_borealis","Eucrate dorsalis",TRUE,2979988,FALSE,"",3,NA,608773
"cancer_irroratus","Cancer irroratus",TRUE,706439,FALSE,"sibling_higher",2,NA,706439
"canis_mesomelas","Canis mesomelas",TRUE,666235,FALSE,"",2,NA,666235
"caquetaia_kraussii","Caquetaia kraussii",TRUE,870660,FALSE,"",2,NA,870660
"carcinoscorpius_rotundicauda","Carcinoscorpius rotundicauda",TRUE,1089003,FALSE,"",2,NA,1089003
"carcinus_maenas","Carcinus maenas",TRUE,1089892,FALSE,"",2,NA,1089892
"carphophis_amoenus","Carphophis amoenus",TRUE,642555,FALSE,"",3,NA,642555
"centropomus_pectinatus","Centropomus pectinatus",TRUE,800712,FALSE,"incertae_sedis_inherited",2,NA,800712
"cereus_pedunculatus","Cereus pedunculatus",TRUE,1042322,FALSE,"",4,NA,1042322
"ceriantheopsis_americanus","Ceriantheopsis americana",TRUE,444331,FALSE,"",2,NA,444331
"chacophrys_pierottii","Chacophrys pierottii",TRUE,431938,FALSE,"",2,NA,431938
"chamaeleo_gracilis","Chamaeleo gracilis",TRUE,824513,FALSE,"",2,NA,824513
"champsocephalus_gunnari","Champsocephalus gunnari",TRUE,684007,FALSE,"",2,NA,684007
"charybdis_hellerii","Charybdis hellerii",TRUE,506133,FALSE,"",2,NA,506133
"chiropsalmus_quadrumanus","Chiropsalmus quadrumanus",TRUE,894962,FALSE,"",2,NA,894962
"chromis_chrysura","Chromis chrysura",TRUE,477758,FALSE,"incertae_sedis_inherited",2,NA,477758
"chrysaora_quinquecirrha","Chrysaora quinquecirrha",TRUE,404507,FALSE,"",2,NA,404507
"cichla_intermedia","Cichla intermedia",TRUE,467391,FALSE,"",3,NA,467391
"citharichthys_spilopterus","Citharichthys spilopterus",TRUE,908921,FALSE,"",2,NA,908921
"clarias_gariepinus","Clarias gariepinus",TRUE,240811,FALSE,"",2,NA,240811
"clarias_ngamensis","Bathyclarias nyasensis",TRUE,1031183,FALSE,"",3,NA,1094712
"clarias_theodorae","Clarias theodorae",TRUE,370864,FALSE,"",2,NA,370864
"clupea_harengus","Clupea harengus",TRUE,1005932,FALSE,"",4,NA,1005932
"cnemidophorus_lemniscatus","Cnemidophorus lemniscatus",TRUE,164960,FALSE,"",2,NA,164960
"coleodactylus_septentrionalis","Coleodactylus septentrionalis",TRUE,700787,FALSE,"",2,NA,700787
"coleonyx_variegatus","Coleonyx variegatus",TRUE,677271,FALSE,"",2,NA,677271
"colopus_wahlbergii","Pachydactylus wahlbergii",TRUE,203966,FALSE,"",2,NA,203966
"corydalus_cornutus","Corydalus cornutus",TRUE,654841,FALSE,"",2,NA,654841
"corydoras_aeneus","Corydoras aeneus",TRUE,841718,FALSE,"",3,NA,841718
"coscinasterias_calamaria","Coscinasterias calamaria",TRUE,173128,FALSE,"sibling_higher",2,NA,173128
"craspedacusta_sowerbii","Craspedacusta sowerbii",TRUE,127047,FALSE,"",2,NA,127047
"crotalus_oreganus","Crotalus viridis",TRUE,600069,FALSE,"",3,NA,875963
"crotaphytus_collaris","Crotaphytus collaris",TRUE,244476,FALSE,"",2,NA,244476
"cryptoblepharus_plagiocephalus","Cryptoblepharus plagiocephalus",TRUE,4123649,FALSE,"",2,NA,4123649
"ctenophorus_inermis","Ceresium inerme",TRUE,3367000,FALSE,"",2,NA,3367000
"ctenophorus_reticulatus","Ctenophorus reticulatus",TRUE,745489,FALSE,"",4,NA,745489
"ctenophorus_scutulatus","Ctenophorus scutulatus",TRUE,745485,FALSE,"",2,NA,745485
"ctenotus_atlas","Ctenotus atlas",TRUE,284183,FALSE,"",2,NA,284183
"ctenotus_colletti","Ctenotus nasutus",TRUE,182767,FALSE,"",3,NA,4123858
"ctenotus_pantherinus","Gymnotus pantherinus",TRUE,445404,FALSE,"",2,NA,730561
"cyclothone_acclinidens","Cyclothone acclinidens",TRUE,127375,FALSE,"",2,NA,127375
"cyprinus_carpio","Luciobarbus capito",TRUE,395573,FALSE,"",3,NA,429083
"delphinus_delphis","Delphinus delphis",TRUE,698438,FALSE,"sibling_higher",3,NA,698438
"dendropsophus_nanus","Dendropsophus nanus",TRUE,499883,FALSE,"",2,NA,499883
"dendropsophus_sanborni","Dendropsophus sanborni",TRUE,610586,FALSE,"",2,NA,610586
"diadophis_punctatus","Diadophis punctatus",TRUE,324337,FALSE,"",2,NA,324337
"diaphus_coeruleus","Diaphus coeruleus",TRUE,3629465,FALSE,"",2,NA,3629465
"diplodactylus_pulcher","Anoplodactylus tubiferus",TRUE,66901,FALSE,"",3,NA,256958
"discoglossus_montalentii","Discoglossus montalentii",TRUE,233448,FALSE,"",2,NA,233448
"dissostichus_eleginoides","Dissostichus eleginoides",TRUE,1040385,FALSE,"",2,NA,1040385
"dytaster_grandis","Dytaster grandis",TRUE,3656994,FALSE,"",2,NA,3656994
"echeneis_naucrates","Echeneis naucrates",TRUE,776562,FALSE,"",3,NA,776562
"egernia_striata","Liopholis striata",TRUE,122986,FALSE,"",2,NA,4124119
"elaphe_obsoleta","Pantherophis obsoletus",TRUE,530777,FALSE,"",2,NA,4121474
"elassoma_evergladei","Elassoma evergladei",TRUE,313433,FALSE,"",2,NA,313433
"electrona_antarctica","Electrona antarctica",TRUE,358647,FALSE,"",2,NA,358647
"eleotris_acanthopoma","Eleotris acanthopoma",TRUE,78295,FALSE,"",2,NA,78295
"eleotris_fusca","Eleotris fusca",TRUE,78297,FALSE,"",2,NA,78297
"eleutherodactylus_coqui","Eleutherodactylus cooki",TRUE,310360,FALSE,"",4,NA,1085754
"eleutherodactylus_planirostris","Craugastor longirostris",TRUE,834455,FALSE,"",2,NA,1066501
"engraulis_encrasicolus","Engraulis encrasicolus",TRUE,222963,FALSE,"",4,NA,222963
"epinephelus_fasciatus","Epinephelus fasciatus",TRUE,534146,FALSE,"",4,NA,534146
"eucopia_australis","Eucopia australis",TRUE,2989873,FALSE,"",3,NA,2989873
"eukrohnia_hamata","Eukrohnia hamata",TRUE,584274,FALSE,"",3,NA,584274
"euproctus_montanus","Euproctus montanus",TRUE,861438,FALSE,"",3,NA,861438
"euthynnus_affinis","Euthynnus affinis",TRUE,308760,FALSE,"",5,NA,308760
"evasterias_troschelii","Evasterias troschelii",TRUE,197640,FALSE,"",3,NA,197640
"evorthodus_lyricus","Evorthodus lyricus",TRUE,7815,FALSE,"",2,NA,7815
"farancia_abacura","Farancia abacura",TRUE,931412,FALSE,"",2,NA,931412
"felis_catus","Felis silvestris",TRUE,563163,FALSE,"",2,NA,563166
"forficula_auricularia","Forficula auricularia A",TRUE,217511,FALSE,"",3,NA,673084
"fulmarus_glacialoides","Fulmarus glacialoides",TRUE,82196,FALSE,"",2,NA,82196
"fundulus_parvipinnis","Fundulus parvipinnis",TRUE,643240,FALSE,"",2,NA,643240
"gadus_morhua","Gadus morhua (species in domain Eukaryota)",TRUE,114170,FALSE,"",2,NA,114170
"gadus_ogac","Gadus macrocephalus",TRUE,56885,FALSE,"",4,NA,635898
"galeocerdo_cuvier","Galeocerdo cuvier",TRUE,976355,FALSE,"",3,NA,976355
"gambelia_wislizeni","Gambelia wislizenii",TRUE,244470,FALSE,"",2,NA,244470
"gambusia_holbrooki","Gambusia holbrooki",TRUE,553631,FALSE,"",3,NA,553631
"gehyra_variegata","Gehyra variegata",TRUE,24139,FALSE,"",4,NA,24139
"globicephala_macrorhynchus","Globicephala macrorhynchus",TRUE,535886,FALSE,"",6,NA,535886
"globicephala_melas","Globicephala melas",TRUE,124212,FALSE,"",3,NA,124212
"gobiomorus_dormitor","Gobiomorus dormitor",TRUE,740272,FALSE,"",2,NA,740272
"gobionellus_boleosoma","Ctenogobius boleosoma",TRUE,763961,FALSE,"",2,NA,763961
"gobiosoma_bosc","Gobiosoma bosc",TRUE,230857,FALSE,"",3,NA,230857
"gonatodes_hasemani","Gonatodes hasemani",TRUE,723078,FALSE,"",2,NA,723078
"gonatodes_humeralis","Gonatodes humeralis",TRUE,126729,FALSE,"",3,NA,126729
"grayia_smythii","Grayia smithii",TRUE,994633,FALSE,"",4,NA,994633
"gymnoscopelus_fraseri","Gymnoscopelus fraseri",TRUE,162203,FALSE,"",2,NA,162203
"gymnoscopelus_nicholsi","Gymnoscopelus nicholsi",TRUE,211050,FALSE,"",3,NA,211050
"gymnotus_carapo","Gymnotus carapo",TRUE,445408,FALSE,"",2,NA,445408
"gymnotus_cylindricus","Gymnotus cylindricus",TRUE,463673,FALSE,"",2,NA,463673
"harpalus_rufipes","Harpalus rufipes",TRUE,326464,FALSE,"sibling_higher",5,NA,326464
"hemidactylus_brooki","Hemidactylus brookii",TRUE,818134,FALSE,"sibling_higher",3,NA,818134
"hemidactylus_mabouia","Hemidactylus mabouia",TRUE,737831,FALSE,"sibling_higher",3,NA,737831
"hemigrammus_bellottii","Hemigrammus bellottii",TRUE,3625367,FALSE,"",2,NA,3625367
"hemigrammus_microstomus","Hemigrammus microstomus",TRUE,3625371,FALSE,"",2,NA,3625371
"hemisus_marmoratus","Hemisus marmoratus",TRUE,968537,FALSE,"",2,NA,968537
"heterodon_platirhinos","Heterodon platirhinos",TRUE,405958,FALSE,"",3,NA,405958
"heteronotia_binoeii","Heteronotia binoei",TRUE,608936,FALSE,"",3,NA,608936
"hoplerythrinus_unitaeniatus","Hoplerythrinus unitaeniatus",TRUE,719840,FALSE,"",2,NA,719840
"hoplias_malabaricus","Hoplias malabaricus",TRUE,179348,FALSE,"",2,NA,179348
"hydrocynus_vittatus","Hydrocynus vittatus",TRUE,384849,FALSE,"",6,NA,384849
"hyla_japonica","Dryophytes japonicus",TRUE,240413,FALSE,"",2,NA,240413
"hyla_versicolor","Neaylax versicolor",TRUE,231571,FALSE,"",2,NA,386095
"hymenodora_glacialis","Hymenodora glacialis",TRUE,350356,FALSE,"",2,NA,350356
"hyperolius_concolor","Hyperolius concolor",TRUE,505134,FALSE,"",2,NA,505134
"hyperolius_guttulatus","Hyperolius guttulatus",TRUE,510964,FALSE,"",5,NA,510964
"ichthyophis_bannanicus","Ichthyophis bannanicus",TRUE,639649,FALSE,"",2,NA,639649
"isurus_oxyrinchus","Isurus oxyrinchus",TRUE,73672,FALSE,"",3,NA,73672
"kentropyx_calcarata","Kentropyx altamazonica",TRUE,348425,FALSE,"",7,NA,348433
"kentropyx_pelviceps","Kentropyx pelviceps",TRUE,348432,FALSE,"",2,NA,348432
"kentropyx_striata","Kentropyx striata",TRUE,348431,FALSE,"",2,NA,348431
"labidiaster_annulatus","Labidiaster annulatus",TRUE,414552,FALSE,"",2,NA,414552
"lampanyctodes_hectoris","Lampanyctodes hectoris",TRUE,866174,FALSE,"",2,NA,866174
"lampropeltis_getula","Lampropeltis getula",TRUE,547409,FALSE,"",2,NA,547409
"lampropeltis_triangulum","Lampropeltis triangulum",TRUE,815155,FALSE,"",2,NA,815155
"lamycetes_fulvicornis","Lamyctes emarginatus",TRUE,849372,FALSE,"",2,NA,942627
"latirolagena_smaragdula","Latirolagena smaragdulus",TRUE,2898419,FALSE,"",2,NA,2898419
"lepisosteus_platyrhincus","Lepisosteus platyrhincus",TRUE,804455,FALSE,"",3,NA,804455
"lepomis_gibbosus","Lepomis gibbosus",TRUE,670266,FALSE,"",2,NA,670266
"lepomis_macrochirus","Lepomis macrochirus",TRUE,836783,FALSE,"",2,NA,836783
"lepomis_punctatus","Lepomis punctatus",TRUE,271257,FALSE,"",2,NA,271257
"lepsiella_vinosa","Bedeva vinosa",TRUE,1083220,FALSE,"",2,NA,2912691
"leptonychotes_weddellii","Leptonychotes weddellii",TRUE,175259,FALSE,"",2,NA,175259
"leptophis_mexicanus","Tupiocoris mexicanus",TRUE,6304211,FALSE,"sibling_higher",3,NA,4121530
"lethrinus_microdon","Lethrinops microdon",TRUE,72845,FALSE,"",2,NA,850606
"lethrinus_nebulosus","Lethrinus nebulosus",TRUE,850597,FALSE,"",3,NA,850597
"lialis_burtoni","Lialis burtonis",TRUE,24142,FALSE,"",2,NA,24142
"lithobates_sphenocephalus","Rana sphenocephala",TRUE,61437,FALSE,"",2,NA,61437
"lithobius_crassipes","Lithobius crassipes",TRUE,53152,FALSE,"",6,NA,53152
"lithobius_mutabilis","Lithobius mutabilis",TRUE,267601,FALSE,"",3,NA,267601
"liza_ramada","Chelon ramada",TRUE,668241,FALSE,"",2,NA,668241
"loligo_forbesii","Loligo forbesii",TRUE,528832,FALSE,"",2,NA,528832
"loligo_pealei","Doryteuthis pealeii",TRUE,241285,FALSE,"",3,NA,241285
"loricera_pilicornis","Loricera pilicornis",TRUE,230604,FALSE,"",2,NA,230604
"luidia_clathrata","Luidia clathrata",TRUE,337934,FALSE,"",3,NA,337934
"luidia_sarsi","Luidia sarsi",TRUE,24895,FALSE,"",2,NA,24895
"lutjanus_bohar","Lutjanus bohar",TRUE,333352,FALSE,"",3,NA,333352
"lutjanus_gibbus","Lutjanus gibbus",TRUE,333344,FALSE,"",2,NA,333344
"lutjanus_kasmira","Lutjanus kasmira",TRUE,333340,FALSE,"",2,NA,333340
"lygodactylus_picturatus","Lygodactylus picturatus",TRUE,1085744,FALSE,"sibling_higher",2,NA,1085744
"lynx_rufus","Lynx rufus",TRUE,507545,FALSE,"",2,NA,507545
"maccullochella_peelii","Maccullochella peelii",TRUE,538656,FALSE,"",2,NA,538656
"martes_americana","Martes americana",TRUE,923116,FALSE,"",2,NA,923116
"mastacembelus_frenatus","Mastacembelus signatus",TRUE,331421,FALSE,"",5,NA,546685
"maurolicus_muelleri","Maurolicus muelleri",TRUE,540470,FALSE,"",3,NA,540470
"melamphaes_lugubris","Melamphaes lugubris",TRUE,273421,FALSE,"",2,NA,273421
"micropogonias_undulatus","Micropogonias undulatus",TRUE,987393,FALSE,"",2,NA,987393
"micropterus_salmoides","Micropterus salmoides",TRUE,230493,FALSE,"",2,NA,230493
"mikrogeophagus_ramirezi","Mikrogeophagus ramirezi",TRUE,316392,FALSE,"",2,NA,316392
"mimetus_notius","Mimetus notius",TRUE,794017,FALSE,"",2,NA,794017
"mochlus_sundevallii","Mochlus sundevalli",TRUE,900559,FALSE,"",2,NA,900559
"monachus_monachus","Monachus monachus",TRUE,759722,FALSE,"",2,NA,759722
"morone_americana","Morone americana",TRUE,769292,FALSE,"",2,NA,769292
"mugil_cephalus","Mugil cephalus",TRUE,418648,FALSE,"",4,NA,418648
"myctophum_aurolaternatum","Myctophum aurolaternatum",TRUE,519259,FALSE,"",2,NA,519259
"myctophum_spinosum","Myctophum spinosum",TRUE,114280,FALSE,"",2,NA,114280
"nandopsis_urophthalmus","Cichlasoma urophthalmum",TRUE,969102,FALSE,"sibling_higher",2,NA,969102
"natrix_sipedon","Nerodia sipedon",TRUE,405962,FALSE,"",2,NA,405962
"negaprion_brevirostris","Pristipomoides filamentosus",TRUE,282834,FALSE,"",2,NA,450137
"neogobius_melanostomus","Neogobius melanostomus",TRUE,475633,FALSE,"",2,NA,475633
"nephrurus_laevissimus","Nephrurus laevissimus",TRUE,614488,FALSE,"",2,NA,614488
"nephrurus_levis","Nephrurus levis",TRUE,256960,FALSE,"",4,NA,256960
"nephrurus_vertebralis","Nephrurus vertebralis",TRUE,583137,FALSE,"",2,NA,583137
"nephtys_hombergii","Nephtys hombergii",TRUE,336916,FALSE,"",3,NA,336916
"nerodia_erythrogaster","Nerodia erythrogaster",TRUE,353725,FALSE,"",2,NA,353725
"nerodia_fasciata","Nerodia fasciata",TRUE,353717,FALSE,"",2,NA,353717
"nerodia_rhombifera","Nerodia rhombifer",TRUE,505612,FALSE,"",2,NA,505612
"notothenia_coriiceps","Notothenia coriiceps",TRUE,258643,FALSE,"",2,NA,258643
"nucella_canaliculata","Nucella canaliculata",TRUE,1085941,FALSE,"",2,NA,1085941
"nucella_emarginata","Lembulus pella",TRUE,175238,FALSE,"",2,NA,1085951
"obelia_dichotoma","Obelia dichotoma",TRUE,1097118,FALSE,"",2,NA,1097118
"ocenebra_lurida","Ocinebrina lurida",TRUE,2909169,FALSE,"",2,NA,2909169
"ommastrephes_bartamii","Ommastrephes bartramii",TRUE,754413,FALSE,"",2,NA,754413
"opheodrys_aestivus","Opheodrys aestivus",TRUE,259049,FALSE,"",2,NA,259049
"ophiacantha_pentactis","Ophiacantha pentactis",TRUE,3655196,FALSE,"sibling_higher",3,NA,3655196
"ophioglypha_sarsi","Ophiura sarsii",TRUE,1076435,FALSE,"sibling_higher",2,NA,1076435
"ophiothrix_fragilis","Ophiothrix fragilis",TRUE,41884,FALSE,"sibling_higher",4,NA,41884
"ophiura_albida","Ophiura albida",TRUE,331948,FALSE,"sibling_higher",3,NA,331948
"oreochromis_macrochir","Oreochromis macrochir",TRUE,336337,FALSE,"sibling_higher",2,NA,336337
"osteopilus_septentrionalis","Osteopilus septentrionalis",TRUE,528961,FALSE,"",2,NA,528961
"oswaldella_antarctica","Spadella antarctica",TRUE,3660474,FALSE,"",2,NA,3682848
"oxybelis_aeneus","Oxybelis aeneus",TRUE,809248,FALSE,"",2,NA,809248
"oxybelis_fulgidus","Oxybelis fulgidus",TRUE,10062,FALSE,"",3,NA,10062
"pachydactylus_capensis","Pachydactylus reconditus",TRUE,461841,FALSE,"",4,NA,676900
"pagurus_bernhardus","Pagurus bernhardus",TRUE,929440,FALSE,"sibling_higher",3,NA,929440
"paralichthys_lethostigma","Paralichthys lethostigma",TRUE,375988,FALSE,"",2,NA,375988
"paralithodes_camtschatica","Paralithodes camtschaticus",TRUE,131917,FALSE,"",2,NA,131917
"pardosa_ramulosa","Pardosa ramulosa",TRUE,3558106,FALSE,"",2,NA,3558106
"parvilux_ingens","Parvilux ingens",TRUE,307336,FALSE,"",2,NA,307336
"perca_fluviatilis","Perca fluviatilis",TRUE,186488,FALSE,"",2,NA,186488
"peristernia_chlorostoma","Latirus rhodostoma",TRUE,2898509,FALSE,"",2,NA,2898746
"peristernia_nassatula","Peristernia nassatula",TRUE,2898741,FALSE,"",2,NA,2898741
"peristernia_reincarnata","Peristernia reincarnata",TRUE,2898508,FALSE,"",2,NA,2898508
"peristernia_ustulata","Peristernia ustulata",TRUE,2898511,FALSE,"",3,NA,2898511
"petrocephalus_catostoma","Petrocephalus catostoma",TRUE,39898,FALSE,"",3,NA,39898
"phalacrocorax_sulcirostris","Phalacrocorax sulcirostris",TRUE,443642,FALSE,"",2,NA,443642
"phalacrocorax_varius","Nannopterum auritus",TRUE,170200,FALSE,"",2,NA,701202
"phoca_vitulina_richardsi","Phoca vitulina richardii",TRUE,357731,FALSE,"infraspecific",3,NA,357731
"phrynobatrachus_mababiensis","Phrynobatrachus mababiensis",TRUE,406427,FALSE,"",3,NA,406427
"phrynosoma_platyrhinos","Phrynosoma platyrhinos",TRUE,671419,FALSE,"",2,NA,671419
"phtheirichthys_lineatus","Phtheirichthys lineatus",TRUE,204918,FALSE,"",3,NA,204918
"pisaster_brevispinus","Pisaster brevispinus",TRUE,76842,FALSE,"",2,NA,76842
"pituophis_melanoleucus","Pituophis melanoleucus",TRUE,405961,FALSE,"",4,NA,405961
"platichthys_flesus","Platichthys flesus",TRUE,408331,FALSE,"",2,NA,408331
"platycephalus_speculator","Platycephalus speculator",TRUE,411598,FALSE,"",2,NA,411598
"pleurodema_diplolister","Pleurodema diplolister",TRUE,806505,FALSE,"sibling_higher",2,NA,806505
"polysticta_stelleri","Polysticta stelleri",TRUE,1050966,FALSE,"",2,NA,1050966
"pristobrycon_striolatus","Pristobrycon striolatus",TRUE,597346,FALSE,"",2,NA,597346
"pseudis_minuta","Pseudis minuta",TRUE,173495,FALSE,"",2,NA,173495
"pseudis_paradoxa","Pseudis paradoxa",TRUE,1035873,FALSE,"",2,NA,1035873
"pseudogonatodes_guianensis","Pseudogonatodes guianensis",TRUE,935362,FALSE,"",2,NA,935362
"ptychadena_mascareniensis","Ptychadena mascareniensis",TRUE,799886,FALSE,"",2,NA,799886
"pygocentrus_cariba","Pygocentrus cariba",TRUE,681015,FALSE,"",2,NA,681015
"pygopus_nigriceps","Pygopus nigriceps",TRUE,836591,FALSE,"",2,NA,836591
"rana_aurora_draytonii","Rana draytonii",TRUE,597569,FALSE,"",2,NA,597569
"rana_catesbeiana","Rana catesbeiana",TRUE,14688,FALSE,"",2,NA,14688
"regina_grahami","Regina grahamii",TRUE,505611,FALSE,"",2,NA,505611
"remorina_albenscens","Remorina albescens",TRUE,204911,FALSE,"",2,NA,204911
"retropinna_semoni","Retropinna semoni",TRUE,37102,FALSE,"",2,NA,37102
"rhincodon_typus","Rhincodon typus",TRUE,214509,FALSE,"",3,NA,214509
"sagitta_elegans","Sagitta elegans",TRUE,49627,FALSE,"",2,NA,49627
"sagitta_enflata","Sagitta enflata",TRUE,273695,FALSE,"",2,NA,273695
"sagitta_gazellae","Sagitta gazellae",TRUE,476665,FALSE,"",2,NA,476665
"sagitta_serratodentata","Sagitta serratodentata",TRUE,476667,FALSE,"",2,NA,476667
"sagitta_setosa","Sagitta setosa",TRUE,476668,FALSE,"",2,NA,476668
"sargochromis_carlottae","Sargochromis carlottae",TRUE,465681,FALSE,"",2,NA,465681
"sargochromis_codringtonii","Sargochromis codringtonii",TRUE,465685,FALSE,"",2,NA,465685
"sargochromis_giardi","Sargochromis giardi",TRUE,1063570,FALSE,"",2,NA,1063570
"schilbe_mystus","Schilbe mystus",TRUE,1016850,FALSE,"",3,NA,1016850
"sciaenops_ocellatus","Sciaenops ocellatus",TRUE,433079,FALSE,"",2,NA,433079
"scyliorhinus_canicula","Scyliorhinus canicula",TRUE,1026500,FALSE,"",3,NA,1026500
"serranochromis_altus","Serranochromis altus",TRUE,516047,FALSE,"",2,NA,516047
"serranochromis_angusticeps","Serranochromis angusticeps",TRUE,465664,FALSE,"",2,NA,465664
"serranochromis_macrocephalus","Serranochromis macrocephalus",TRUE,465668,FALSE,"",2,NA,465668
"serranochromis_robustus","Serranochromis robustus",TRUE,841786,FALSE,"",3,NA,841786
"serrapinuus","Serrapinnus",TRUE,641495,FALSE,"",2,NA,641495
"serrasalmus_irritans","Serrasalmus irritans",TRUE,412298,FALSE,"",3,NA,412298
"solea_senegalensis","Solea senegalensis",TRUE,366998,FALSE,"",2,NA,366998
"somateria_mollissima","Somateria mollissima",TRUE,785961,FALSE,"",2,NA,785961
"sprattus_sprattus","Sprattus sprattus",TRUE,25768,FALSE,"",2,NA,25768
"sternoptyx_diaphana","Sternoptyx diaphana",TRUE,602717,FALSE,"",3,NA,602717
"sternoptyx_pseudobscura","Sternoptyx pseudobscura",TRUE,568250,FALSE,"",2,NA,568250
"stramonita_haemastoma","Stramonita haemastoma",TRUE,663884,FALSE,"",2,NA,663884
"symbolophorus_californiensis","Symbolophorus californiensis",TRUE,785193,FALSE,"",2,NA,785193
"synbranchus_marmoratus","Synbranchus marmoratus",TRUE,989907,FALSE,"",2,NA,989907
"syngnathus_acus","Syngnathus acus",TRUE,774440,FALSE,"",5,NA,774440
"syngnathus_typhle","Syngnathus typhle",TRUE,251396,FALSE,"",2,NA,251396
"synodontis_leopardinus","Synodontis leopardinus",TRUE,664985,FALSE,"",3,NA,664985
"synodontis_macrostigma","Synodontis macrostigma",TRUE,494913,FALSE,"",2,NA,494913
"synodontis_nigromaculatus","Synodontis nigromaculata",TRUE,577014,FALSE,"",2,NA,577014
"tarletonbeania_crenularis","Tarletonbeania crenularis",TRUE,692175,FALSE,"",2,NA,692175
"thamnophis_cyrtopsis","Thamnophis fulvus",TRUE,681060,FALSE,"",2,NA,786613
"thamnophis_saurita","Thamnophis saurita",TRUE,147067,FALSE,"",3,NA,147067
"thecadactylus_rapicauda","Thecadactylus rapicauda",TRUE,597587,FALSE,"",3,NA,597587
"thunnus_albacares","Thunnus albacares",TRUE,833188,FALSE,"",4,NA,833188
"tosia_australis","Tosia australis",TRUE,485458,FALSE,"sibling_higher",3,NA,485458
"trachylepis_striata","Heremites auratus",TRUE,8286,FALSE,"",3,NA,689449
"trachylepis_variegata","Trachylepis variegata",TRUE,52106,FALSE,"",2,NA,52106
"trematomus_bernacchii","Trematomus bernacchii",TRUE,985361,FALSE,"",2,NA,985361
"tubularia_ralphii","Ectopleura crocea",TRUE,863651,FALSE,"",3,NA,3681769
"tursiops_truncatus","Tursiops truncatus",TRUE,124230,FALSE,"",3,NA,124230
"uracentron_flaviceps","Uracentron flaviceps",TRUE,761858,FALSE,"",3,NA,761858
"uranoscodon_superciliosus","Uranoscodon superciliosus",TRUE,32969,FALSE,"",4,NA,32969
"uromacer_oxyrhynchus","Uromacer oxyrhynchus",TRUE,579180,FALSE,"",2,NA,579180
"urosalpinx_cinerea","Urosalpinx cinerea",TRUE,850826,FALSE,"sibling_higher",2,NA,850826
"valencia_letourneuxi","Valencia letourneuxi",TRUE,771627,FALSE,"",2,NA,771627
"varanus_brevicauda","Varanus brevicauda",TRUE,747037,FALSE,"sibling_higher",3,NA,747037
"varanus_gouldi","Varanus gouldii",TRUE,172908,FALSE,"sibling_higher",2,NA,172908
"varanus_tristis","Varanus tristis",TRUE,1082444,FALSE,"sibling_higher",5,NA,1082444
"xiphias_gladius","Xiphias gladius",TRUE,358621,FALSE,"",2,NA,358621
"zachaenus_parvulus","Zachaenus parvulus",TRUE,272157,FALSE,"",2,NA,272157
"zenaida_macroura","Zenaida macroura",TRUE,183576,FALSE,"",2,NA,183576
