"search_string","unique_name","approximate_match","ott_id","is_synonym","flags","number_matches"
"Acanthephyra_acutifrons","Acanthephyra_acutifrons",TRUE,2974261,FALSE,"sibling_higher",1
"Acanthephyra_curtirostris","Acanthephyra_curtirostris",TRUE,563063,FALSE,"sibling_higher",3
"Acanthephyra_stylorostratis","Acanthephyra_stylorostratis",TRUE,367600,FALSE,"sibling_higher",2
"Acanthina_punctulata","Acanthinucella_punctulata",TRUE,294761,FALSE,"",2
"Acanthina_spirata","Acanthinucella_spirata",TRUE,294762,FALSE,"",1
"Acestrorhynchus_heterolepis","Acestrorhynchus_heterolepis",TRUE,512087,FALSE,"",1
"Acestrorhynchus_minimus","Acestrorhynchus_minimus",TRUE,512091,FALSE,"",1
"Acetes_intermedius","Acetes_intermedius",TRUE,2970917,FALSE,"",3
"Achirus_lineatus","Achirus_lineatus",TRUE,153494,FALSE,"",4
"Acrochordus_arafurae","Acrochordus_arafurae",TRUE,522482,FALSE,"",1
"Acrochordus_granulatus","Acrochordus_granulatus",TRUE,511702,FALSE,"",1
"Actina_equina","Actinia_equina",TRUE,1084476,FALSE,"sibling_higher",1
"Adontosternarchus_devenanzii","Adontosternarchus_devenanzii",TRUE,3621581,FALSE,"",1
"Aeginura_grimoldii","Aeginura_grimaldii",TRUE,369807,FALSE,"",1
"Aelurillus_muganicus","Aelurillus_concolor",TRUE,3547998,FALSE,"",1
"Aequidens_diadema","Aequidens_diadema",TRUE,797223,FALSE,"",1
"Afronatrix_anoscopus","Afronatrix_anoscopus",TRUE,1074252,FALSE,"",1
"Agama_agama","Agama_agama",TRUE,144931,FALSE,"sibling_higher",1
"Agama_hispida","Agama_hispida",TRUE,620401,FALSE,"sibling_higher",2
"Agama_rueppelli","Agama_rueppelli",TRUE,568287,FALSE,"sibling_higher",4
"Ageneiosus_brevifilis","Ageneiosus_inermis",TRUE,1077781,FALSE,"",2
"Agkistrodon_contortrix","Agkistrodon_contortrix",TRUE,27080,FALSE,"",2
"Aglantha_digitale","Aglantha_digitale",TRUE,459324,FALSE,"",2
"Agonostomus_monticola","Agonostomus_monticola",TRUE,760514,FALSE,"",2
"Agonum_dorsale","Anchomenus_dorsalis",TRUE,222324,FALSE,"",2
"Alepisaurus_ferox","Alepisaurus_ferox",TRUE,587926,FALSE,"",1
"Alfaro_cultratus","Alfaro_cultratus",TRUE,808626,FALSE,"",1
"Alitta_virens","Alitta_virens",TRUE,986619,FALSE,"",1
"Allantactis_parasitica","Allantactis_parasitica",TRUE,858464,FALSE,"",1
"Alle_alle","Alle_alle",TRUE,280899,FALSE,"",1
"Alligator_mississippiensis","Alligator_mississippiensis",TRUE,335590,FALSE,"",3
"Alloteuthis_media","Alloteuthis_media",TRUE,801587,FALSE,"",2
"Alopias_vulpinus","Alopias_vulpinus",TRUE,1077204,FALSE,"",1
"Alopoglossus_angulatus","Alopoglossus_angulatus",TRUE,545549,FALSE,"",2
"Alopoglossus_atriventris","Alopoglossus_atriventris",TRUE,693619,FALSE,"",1
"Alosa_sapidissima","Alosa_sapidissima",TRUE,519453,FALSE,"",1
"Amblyraja_georgiana","Amblyraja_georgiana",TRUE,597622,FALSE,"",1
"Ambystoma_cingulatum","Ambystoma_cingulatum",TRUE,412661,FALSE,"",3
"Ambystoma_rivulare","Ambystoma_rivulare",TRUE,675687,FALSE,"",2
"Ambystoma_texanum","Ambystoma_texanum",TRUE,1092555,FALSE,"",1
"Ameiurus_natalis","Ameiurus_natalis",TRUE,362803,FALSE,"",2
"Ameiva_ameiva","Ameiva_ameiva",TRUE,661799,FALSE,"",1
"Ameiva_festiva","Holcosus_festivus",TRUE,153490,FALSE,"",2
"Amia_calva","Amia_calva",TRUE,329623,FALSE,"",1
"Amietia_angolensis","Amietia_angolensis",TRUE,72654,FALSE,"",1
"Amietophrynus_garmani","Sclerophrys_garmani",TRUE,405552,FALSE,"",1
"Amphilophus_citrinellus","Amphilophus_citrinellus",TRUE,358037,FALSE,"sibling_higher",2
"Amphiura_chiajei","Amphiura_chiajei",TRUE,269274,FALSE,"sibling_higher",1
"Amphiura_filiformis","Amphiura_filiformis",TRUE,269275,FALSE,"sibling_higher",4
"Anasterias_antarctica","Anasterias_antarctica",TRUE,904273,FALSE,"",2
"Anaxyrus_debilis","Anaxyrus_debilis",TRUE,436339,FALSE,"",2
"Anaxyrus_punctatus","Anaxyrus_punctatus",TRUE,931362,FALSE,"",1
"Anchoa_mitchilli","Anchoa_mitchilli",TRUE,681352,FALSE,"",1
"Andinobates_minutus","Andinobates_minutus",TRUE,947666,FALSE,"",1
"Aneides_ferreus","Aneides_ferreus",TRUE,459361,FALSE,"",2
"Aneides_flavipunctatus","Aneides_flavipunctatus",TRUE,459362,FALSE,"",1
"Aneides_lugubris","Aneides_lugubris",TRUE,64142,FALSE,"",2
"Anemonia_viridis","Anemonia_viridis",TRUE,214124,FALSE,"",1
"Anguilla_anguilla","Anguilla_anguilla",TRUE,854201,FALSE,"",2
"Anolis_capito","Anolis_capito",TRUE,494015,FALSE,"",1
"Anolis_chrysolepis","Anolis_chrysolepis",TRUE,901110,FALSE,"",3
"Anolis_fuscoauratus","Anolis_fuscoauratus",TRUE,653137,FALSE,"",2
"Anolis_humilis","Anolis_humilis",TRUE,967569,FALSE,"",4
"Anolis_limifrons","Anolis_limifrons",TRUE,245842,FALSE,"",6
"Anolis_oxylophus","Anolis_oxylophus",TRUE,853245,FALSE,"",1
"Anolis_punctatus","Anolis_punctatus",TRUE,973783,FALSE,"",3
"Anolis_scypheus","Anolis_scypheus",TRUE,6157172,FALSE,"",2
"Anolis_tandai","Anolis_tandai",TRUE,5852450,FALSE,"",1
"Anolis_trachyderma","Anolis_trachyderma",TRUE,196312,FALSE,"",1
"Anthomastus_bathyproctus","Anthomastus_bathyproctus",TRUE,3679052,FALSE,"",1
"Anthopleura_nigrescens","Anthopleura_nigrescens",TRUE,486995,FALSE,"sibling_higher",1
"Aphanius_farsicus","Aphanius_farsicus",TRUE,818337,FALSE,"",2
"Aphanius_fasciatus","Aphanius_fasciatus",TRUE,763270,FALSE,"",4
"Aphyocharax_erythrurus","Aphyocharax_erythrurus",TRUE,3624943,FALSE,"",1
"Apistogramma","Apistogramma",FALSE,533599,FALSE,"",1
"Apistogramma_hoignei","Apistogramma_hoignei",TRUE,467398,FALSE,"",1
"Aplocheilichthys_johnstoni","Micropanchax_johnstoni",TRUE,3641893,FALSE,"",3
"Aplodinotus_grunniens","Aplodinotus_grunniens",TRUE,691811,FALSE,"",2
"Archaeomysis_japonica","Archaeomysis_japonica",TRUE,683221,FALSE,"",1
"Archaeomysis_kokuboi","Archaeomysis_kokuboi",TRUE,683222,FALSE,"",1
"Archocentrus_centrarchus","Archocentrus_centrarchus",TRUE,245402,FALSE,"",1
"Arctogadus_glacialis","Arctogadus_glacialis",TRUE,1014041,FALSE,"",1
"Argyropelecus_lychnus","Argyropelecus_lychnus",TRUE,462614,FALSE,"",2
"Arius_felis","Ariopsis_felis",TRUE,139650,FALSE,"",1
"Artedidraco_loennbergi","Artedidraco_lonnbergi",TRUE,816890,FALSE,"",4
"Artedidraco_orianae","Artedidraco_orianae",TRUE,871232,FALSE,"",2
"Artedidraco_skottsbergi","Artedidraco_skottsbergi",TRUE,268814,FALSE,"",1
"Arthrosaura_reticulata","Arthrosaura_reticulata",TRUE,170675,FALSE,"",1
"Aspidoscelis_tigris","Aspidoscelis_tigris",TRUE,690595,FALSE,"",1
"Astatheros_alfari","Cribroheros_alfari",TRUE,775035,FALSE,"",1
"Asterias_rubens","Asterias_rubens",TRUE,721252,FALSE,"",4
"Astronotus_ocellatus","Astronotus_ocellatus",TRUE,952936,FALSE,"",1
"Astropecten_aranciacus","Astropecten_aranciacus",TRUE,91274,FALSE,"",3
"Astropecten_articulatus","Astropecten_articulatus",TRUE,258316,FALSE,"",2
"Astropecten_indicus","Astropecten_indicus",TRUE,443981,FALSE,"",3
"Astropecten_irregularis","Astropecten_irregularis",TRUE,269238,FALSE,"",2
"Astropecten_scoparius","Astropecten_scoparius",TRUE,964776,FALSE,"",1
"Astrostole_scabra","Astrostole_scabra",TRUE,1045256,FALSE,"",2
"Astrotoma_agassizii","Astrotoma_agassizii",TRUE,19793,FALSE,"",1
"Atherina_boyeri","Atherina_boyeri",TRUE,415774,FALSE,"sibling_higher",2
"Atherinella_hubbsi","Atherinella_hubbsi",TRUE,680147,FALSE,"",1
"Atractosteus_spatula","Atractosteus_spatula",TRUE,904117,FALSE,"",1
"Aurelia_aurita","Aurelia_aurita",TRUE,404481,FALSE,"",1
"Aurelia_limbata","Aurelia_limbata",TRUE,408842,FALSE,"",2
"Aythya_affinis","Aythya_affinis",TRUE,1044556,FALSE,"",3
"Aythya_americana","Aythya_americana",TRUE,693332,FALSE,"",1
"Aythya_ferina","Aythya_ferina",TRUE,817989,FALSE,"",1
"Aythya_marila","Aythya_marila",TRUE,1044561,FALSE,"",1
"Aythya_valisineria","Aythya_valisineria",TRUE,832938,FALSE,"",1
"Babus_callensis","Luciobarbus_callensis",TRUE,5554995,FALSE,"",1
"Bairdiella_chrysoura","Bairdiella_chrysoura",TRUE,761907,FALSE,"",3
"Balaenoptera_acutorostrata","Balaenoptera_acutorostrata",TRUE,800317,FALSE,"",2
"Barbus_paludinosus","Enteromius_paludinosus",TRUE,446410,FALSE,"",2
"Barbus_strumicae","Barbus_strumicae",TRUE,441746,FALSE,"",1
"Batrachoseps_attenuatus","Batrachoseps_attenuatus",TRUE,57755,FALSE,"",1
"Bdeogale_nigripes","Bdeogale_nigripes",TRUE,670218,FALSE,"",1
"Belone_belone","Belone_belone",TRUE,6991,FALSE,"",2
"Belonesox_belizanus","Belonesox_belizanus",TRUE,913297,FALSE,"",1
"Bembidion_lampros","Bembidion_lampros",TRUE,349492,FALSE,"",2
"Bentheogennema_intermedia","Bentheogennema_intermedia",TRUE,588781,FALSE,"",1
"Blackfordia_virginica","Blackfordia_virginica",TRUE,766639,FALSE,"",1
"Blarinomys_breviceps","Blarinomys_breviceps",TRUE,196745,FALSE,"",1
"Bolinopsis_infundibulum","Bolinopsis_infundibulum",TRUE,626461,FALSE,"",1
"Bolitoglossa_mexicana","Bolitoglossa_mexicana",TRUE,391973,FALSE,"",2
"Bolitoglossa_pandi","Bolitoglossa_pandi",TRUE,3620559,FALSE,"sibling_higher",1
"Bolitoglossa_rufescens","Bolitoglossa_rufescens",TRUE,999154,FALSE,"",1
"Bombina_variegata","Bombina_variegata",TRUE,991539,FALSE,"",1
"Boreogadus_saida","Boreogadus_saida",TRUE,877055,FALSE,"",1
"Boulengerella_cuvieri","Boulengerella_cuvieri",TRUE,3625788,FALSE,"",1
"Boulengerella_lucius","Boulengerella_lucius",TRUE,3625790,FALSE,"",3
"Boulengerula_taitanus","Boulengerula_taitana",TRUE,42297,FALSE,"",2
"Brachyhypopomus_occidentalis","Brachyhypopomus_occidentalis",TRUE,349822,FALSE,"",1
"Brachyrhaphis_parismina","Brachyrhaphis_parismina",TRUE,779448,FALSE,"",1
"Brisingella_coronata","Hymenodiscus_coronata",TRUE,3657315,FALSE,"",2
"Bucephala_albeola","Bucephala_albeola",TRUE,654820,FALSE,"",1
"Bucephala_clangula","Bucephala_clangula",TRUE,166683,FALSE,"",1
"Bucephala_islandica","Bucephala_islandica",TRUE,780952,FALSE,"",1
"Bufo_bufo","Bufo_bufo",TRUE,889350,FALSE,"",1
"Bufo_gargarizans","Bufo_gargarizans",TRUE,279549,FALSE,"",1
"Bufo_japonicus","Bufo_japonicus",TRUE,889333,FALSE,"",3
"Bufo_marinus","Rhinella_marina",TRUE,889340,FALSE,"",1
"Bunocephalus","Bunocephalus",FALSE,536093,FALSE,"sibling_higher",1
"Burnupena_lagenaria","Burnupena_lagenaria",TRUE,2900691,FALSE,"",1
"Caecilia_gracilis","Caecilia_gracilis",TRUE,3617882,FALSE,"",3
"Caimanops_amphiboluroides","Diporiphora_amphiboluroides",TRUE,1064144,FALSE,"",1
"Calidris_alpina","Calidris_alpina",TRUE,887705,FALSE,"sibling_higher",1
"Calidris_minuta","Calidris_minuta",TRUE,271793,FALSE,"sibling_higher",1
"Callianira_antarctica","Callianira_antarctica",TRUE,3684104,FALSE,"",2
"Callinectes_sapidus","Callinectes_sapidus",TRUE,182906,FALSE,"",3
"Callinectes_similis","Callinectes_similis",TRUE,454975,FALSE,"",2
"Callisaurus_draconoides","Callisaurus_draconoides",TRUE,819154,FALSE,"",1
"Cambarincola_chirocephalus","Cambarincola_chirocephalus",TRUE,177815,FALSE,"",2
"Cambarincola_vitreus","Cambarincola_vitreus",TRUE,111931,FALSE,"",2
"Cancer_borealis","Cancer_borealis",TRUE,608773,FALSE,"sibling_higher",3
"Cancer_irroratus","Cancer_irroratus",TRUE,706439,FALSE,"sibling_higher",2
"Cancer_polyodon","Romaleon_setosum",TRUE,338358,FALSE,"",1
"Canis_latrans","Canis_latrans",TRUE,247331,FALSE,"",1
"Canis_lupus","Canis_lupus",TRUE,247341,FALSE,"",1
"Canis_mesomelas","Canis_mesomelas",TRUE,666235,FALSE,"",2
"Caperea_marginata","Caperea_marginata",TRUE,397243,FALSE,"",1
"Caquetaia_kraussii","Caquetaia_kraussii",TRUE,870660,FALSE,"",2
"Carangoides_gymnostethus","Carangoides_gymnostethus",TRUE,201312,FALSE,"",1
"Carcinoscorpius_rotundicauda","Carcinoscorpius_rotundicauda",TRUE,1089003,FALSE,"",2
"Carcinus_maenas","Carcinus_maenas",TRUE,1089892,FALSE,"",2
"Carparachne_aureoflava","Carparachne_aureoflava",TRUE,3551656,FALSE,"",1
"Carphophis_amoenus","Carphophis_amoenus",TRUE,642555,FALSE,"",3
"Catoprion_mento","Catoprion_mento",TRUE,597343,FALSE,"",1
"Cemophora_coccinea","Cemophora_coccinea",TRUE,1032598,FALSE,"",1
"Centromochlus_meridionalis","Ferrarissoaresia_meridionalis",TRUE,6141844,FALSE,"",1
"Centropomus_pectinatus","Centropomus_pectinatus",TRUE,800712,FALSE,"incertae_sedis_inherited",2
"Cepphus_grylle","Cepphus_grylle",TRUE,280901,FALSE,"",1
"Ceratoscopelus_townsendi","Ceratoscopelus_townsendi",TRUE,462626,FALSE,"",1
"Cercosaura_eigenmanni","Cercosaura_eigenmanni",TRUE,967621,FALSE,"",1
"Cercosaura_ocellata","Cercosaura_ocellata",TRUE,846829,FALSE,"",1
"Cereus_pedunculatus","Cereus_pedunculatus",TRUE,1042322,FALSE,"",4
"Ceriantheopsis_americanus","Ceriantheopsis_americana",TRUE,444331,FALSE,"",2
"Chacophrys_pierottii","Chacophrys_pierottii",TRUE,431938,FALSE,"",2
"Chaenobryttus_gulosus","Chaenobryttus_gulosus",TRUE,476359,FALSE,"",1
"Chamaeleo_gracilis","Chamaeleo_gracilis",TRUE,824513,FALSE,"",2
"Champsocephalus_gunnari","Champsocephalus_gunnari",TRUE,684007,FALSE,"",2
"Characidium","Characidium",FALSE,128231,FALSE,"",1
"Charax_condei","Charax_condei",TRUE,3624842,FALSE,"",1
"Charax_gibbosus","Charax_gibbosus",TRUE,3624849,FALSE,"",1
"Charybdis_hellerii","Charybdis_hellerii",TRUE,506133,FALSE,"",2
"Cheirodontops_geayi","Cheirodontops_geayi",TRUE,3625898,FALSE,"",1
"Chendol_keelini","Chendol_keelini",TRUE,3640961,FALSE,"",1
"Chionoecetes_bairdi","Chionoecetes_bairdi",TRUE,956514,FALSE,"",1
"Chionoecetes_opilio","Chionoecetes_opilio",TRUE,604254,FALSE,"",1
"Chiropsalmus_quadrumanus","Chiropsalmus_quadrumanus",TRUE,894962,FALSE,"",2
"Chondrodactylus_angulifer","Chondrodactylus_angulifer",TRUE,203962,FALSE,"",1
"Chromis_chrysura","Chromis_chrysura",TRUE,477758,FALSE,"incertae_sedis_inherited",2
"Chrysaora_melanaster","Chrysaora_melanaster",TRUE,883634,FALSE,"",1
"Chrysaora_quinquecirrha","Chrysaora_quinquecirrha",TRUE,404507,FALSE,"",2
"Cichla_intermedia","Cichla_intermedia",TRUE,467391,FALSE,"",3
"Cichla_orinocensis","Cichla_orinocensis",TRUE,889122,FALSE,"",1
"Cichla_temensis","Cichla_temensis",TRUE,936817,FALSE,"",1
"Cinclus_mexicanus","Cinclus_mexicanus",TRUE,606627,FALSE,"",1
"Citharichthys_spilopterus","Citharichthys_spilopterus",TRUE,908921,FALSE,"",2
"Clangula_hyemalis","Clangula_hyemalis",TRUE,316879,FALSE,"",1
"Clarias_gariepinus","Clarias_gariepinus",TRUE,240811,FALSE,"",2
"Clarias_ngamensis","Clarias_ngamensis",TRUE,1094712,FALSE,"",3
"Clarias_theodorae","Clarias_theodorae",TRUE,370864,FALSE,"",2
"Clavularia_frankliniana","Clavularia_frankliniana",TRUE,3679821,FALSE,"sibling_higher",1
"Clupea_harengus","Clupea_harengus",TRUE,1005932,FALSE,"",4
"Clupisoma_naziri","Clupisoma_naziri",TRUE,3621829,FALSE,"",1
"Cnemidophorus_lemniscatus","Cnemidophorus_lemniscatus",TRUE,164960,FALSE,"",2
"Cnemidophorus_sexlineatus","Aspidoscelis_sexlineatus",TRUE,164955,FALSE,"",1
"Coleodactylus_amazonicus","Chatogekko_amazonicus",TRUE,126724,FALSE,"",1
"Coleodactylus_septentrionalis","Coleodactylus_septentrionalis",TRUE,700787,FALSE,"",2
"Coleonyx_variegatus","Coleonyx_variegatus",TRUE,677271,FALSE,"",2
"Colopus_wahlbergii","Pachydactylus_wahlbergii",TRUE,203966,FALSE,"",2
"Coluber_constrictor","Coluber_constrictor",TRUE,405963,FALSE,"",1
"Copella_metae","Copella_metae",TRUE,3624436,FALSE,"",1
"Corydalus_cornutus","Corydalus_cornutus",TRUE,654841,FALSE,"",2
"Corydoras","Corydoras",FALSE,628705,FALSE,"",1
"Corydoras_aeneus","Corydoras_aeneus",TRUE,841718,FALSE,"",3
"Corynopoma_riisei","Corynopoma_riisei",TRUE,855287,FALSE,"",1
"Coscinasterias_calamaria","Coscinasterias_calamaria",TRUE,173128,FALSE,"sibling_higher",2
"Coturnicops_noveboracensis","Coturnicops_noveboracensis",TRUE,242758,FALSE,"",1
"Crangon_crangon","Crangon_crangon",TRUE,497498,FALSE,"sibling_higher",1
"Craspedacusta_sowerbii","Craspedacusta_sowerbii",TRUE,127047,FALSE,"",2
"Creagrutus_guanes","Creagrutus_guanes",TRUE,3625059,FALSE,"",1
"Crenicichla","Crenicichla",FALSE,952959,FALSE,"",1
"Crenicichla_geayi","Crenicichla_geayi",TRUE,159978,FALSE,"",1
"Crenicichla_saxatilis","Crenicichla_saxatilis",TRUE,952962,FALSE,"",1
"Crocodylus_niloticus","Crocodylus_niloticus",TRUE,35864,FALSE,"",1
"Crocuta_crocuta","Crocuta_crocuta",TRUE,397157,FALSE,"",1
"Crossaster_papposus","Crossaster_papposus",TRUE,912244,FALSE,"",1
"Crossodactus_schmidti","Crossodactylus_schmidti",TRUE,622244,FALSE,"",1
"Crotalus_horridus","Crotalus_horridus",TRUE,628544,FALSE,"",1
"Crotalus_lutosus","Crotalus_oreganus_lutosus",TRUE,875958,FALSE,"infraspecific",1
"Crotalus_oreganus","Crotalus_oreganus",TRUE,875963,FALSE,"",3
"Crotaphytus_collaris","Crotaphytus_collaris",TRUE,244476,FALSE,"",2
"Cryptoblepharus_plagiocephalus","Cryptoblepharus_plagiocephalus",TRUE,4123649,FALSE,"",2
"Ctenogobius_pseudofasciatus","Ctenogobius_pseudofasciatus",TRUE,3637104,FALSE,"",1
"Ctenophorus_caudicinctus","Ctenophorus_caudicinctus",TRUE,605925,FALSE,"",1
"Ctenophorus_clayi","Ctenophorus_clayi",TRUE,605926,FALSE,"",1
"Ctenophorus_fordi","Ctenophorus_fordi",TRUE,605921,FALSE,"",1
"Ctenophorus_inermis","Ceresium_inerme",TRUE,3367000,FALSE,"",2
"Ctenophorus_isolepis","Ctenophorus_isolepis",TRUE,32624,FALSE,"",1
"Ctenophorus_reticulatus","Ctenophorus_reticulatus",TRUE,745489,FALSE,"",4
"Ctenophorus_scutulatus","Ctenophorus_scutulatus",TRUE,745485,FALSE,"",2
"Ctenotus_ariadnae","Ctenotus_ariadnae",TRUE,908651,FALSE,"",1
"Ctenotus_atlas","Ctenotus_atlas",TRUE,284183,FALSE,"",2
"Ctenotus_brooksi","Ctenotus_brooksi",TRUE,284181,FALSE,"",1
"Ctenotus_calurus","Ctenotus_calurus",TRUE,284178,FALSE,"",1
"Ctenotus_colletti","Ctenotus_colletti",TRUE,4123858,FALSE,"",3
"Ctenotus_dux","Ctenotus_dux",TRUE,858952,FALSE,"",1
"Ctenotus_grandis","Ctenotus_grandis",TRUE,233734,FALSE,"",1
"Ctenotus_helenae","Ctenotus_helenae",TRUE,233738,FALSE,"",1
"Ctenotus_leonhardii","Ctenotus_leonhardii",TRUE,730560,FALSE,"",1
"Ctenotus_pantherinus","Ctenotus_pantherinus",TRUE,730561,FALSE,"",2
"Ctenotus_pianka","Ctenotus_piankai",TRUE,182769,FALSE,"",1
"Ctenotus_quattuordecimlineatus","Ctenotus_quattuordecimlineatus",TRUE,182765,FALSE,"",1
"Ctenotus_schomburgkii","Ctenotus_schomburgkii",TRUE,756937,FALSE,"",1
"Cyanea_capillata","Cyanea_capillata",TRUE,178412,FALSE,"",1
"Cycloramphus_brasiliensis","Cycloramphus_brasiliensis",TRUE,3620314,FALSE,"",1
"Cyclothone_acclinidens","Cyclothone_acclinidens",TRUE,127375,FALSE,"",2
"Cyclothone_obscura","Cyclothone_obscura",TRUE,127398,FALSE,"",1
"Cyclothone_pallida","Cyclothone_pallida",TRUE,127395,FALSE,"",1
"Cyclothone_signata","Cyclothone_signata",TRUE,648946,FALSE,"",1
"Cygnodraco_mawsoni","Cygnodraco_mawsoni",TRUE,781799,FALSE,"",1
"Cynopoecilus_fulgens","Cynopoecilus_fulgens",TRUE,3641476,FALSE,"",1
"Cynoscion_arenarius","Cynoscion_arenarius",TRUE,854147,FALSE,"",1
"Cynoscion_nebulosus","Cynoscion_nebulosus",TRUE,186252,FALSE,"",1
"Cyprinodon_variegatus","Cyprinodon_variegatus",TRUE,82335,FALSE,"",1
"Cyprinus_carpio","Cyprinus_carpio",TRUE,429083,FALSE,"",3
"Cyrba_algerina","Cyrba_algerina",TRUE,93776,FALSE,"",1
"Delma_butleri","Delma_butleri",TRUE,886641,FALSE,"",1
"Delphinus_delphis","Delphinus_delphis",TRUE,698438,FALSE,"sibling_higher",3
"Dendropsophus_branneri","Dendropsophus_branneri",TRUE,399295,FALSE,"",1
"Dendropsophus_nanus","Dendropsophus_nanus",TRUE,499883,FALSE,"",2
"Dendropsophus_sanborni","Dendropsophus_sanborni",TRUE,610586,FALSE,"",2
"Dermasterias_imbricata","Dermasterias_imbricata",TRUE,977099,FALSE,"",1
"Desmognathus_monticola","Desmognathus_monticola",TRUE,964102,FALSE,"",1
"Desmognathus_welteri","Desmognathus_welteri",TRUE,893908,FALSE,"",1
"Diadophis_punctatus","Diadophis_punctatus",TRUE,324337,FALSE,"",2
"Diaphus","Diaphus",FALSE,640414,FALSE,"sibling_higher",1
"Diaphus_coeruleus","Diaphus_coeruleus",TRUE,3629465,FALSE,"",2
"Diaphus_danae","Diaphus_danae",TRUE,3629427,FALSE,"",1
"Diaphus_knappi","Diaphus_knappi",TRUE,3629451,FALSE,"",1
"Diaphus_theta","Diaphus_theta",TRUE,169217,FALSE,"",1
"Dicamptodon_tenebrosus","Dicamptodon_tenebrosus",TRUE,445407,FALSE,"",1
"Dicentrarchus_labrax","Dicentrarchus_labrax",TRUE,3549,FALSE,"",1
"Diogenichthys_laternatus","Diogenichthys_laternatus",TRUE,234117,FALSE,"",1
"Diplodactylus_ciliaris","Strophurus_ciliaris",TRUE,432768,FALSE,"",1
"Diplodactylus_conspicillatus","Diplodactylus_conspicillatus",TRUE,256957,FALSE,"",1
"Diplodactylus_pulcher","Diplodactylus_pulcher",TRUE,256958,FALSE,"",3
"Diporiphora_winneckei","Diporiphora_winneckei",TRUE,1038059,FALSE,"",1
"Discoglossus_montalentii","Discoglossus_montalentii",TRUE,233448,FALSE,"",2
"Discoglossus_sardus","Discoglossus_sardus",TRUE,233470,FALSE,"",1
"Dissostichus_eleginoides","Dissostichus_eleginoides",TRUE,1040385,FALSE,"",2
"Dosidicus_gigas","Dosidicus_gigas",TRUE,125334,FALSE,"",1
"Dytaster_grandis","Dytaster_grandis",TRUE,3656994,FALSE,"",2
"Echeneis_naucrates","Echeneis_naucrates",TRUE,776562,FALSE,"",3
"Egernia_inornata","Liopholis_inornata",TRUE,892819,FALSE,"",1
"Egernia_striata","Egernia_striolata",TRUE,4124119,FALSE,"",2
"Eigenmannia_virescens","Eigenmannia_virescens",TRUE,437387,FALSE,"",1
"Elachistocleis_bicolor","Elachistocleis_bicolor",TRUE,215232,FALSE,"",1
"Elaphe_guttata","Pantherophis_guttatus",TRUE,456236,FALSE,"",1
"Elaphe_obsoleta","Elaphe_obseleta",TRUE,4121474,FALSE,"",2
"Elassoma_evergladei","Elassoma_evergladei",TRUE,313433,FALSE,"",2
"Electrona_antarctica","Electrona_antarctica",TRUE,358647,FALSE,"",2
"Eleotris_acanthopoma","Eleotris_acanthopoma",TRUE,78295,FALSE,"",2
"Eleotris_amblyopsis","Eleotris_amblyopsis",TRUE,740276,FALSE,"",1
"Eleotris_fusca","Eleotris_fusca",TRUE,78297,FALSE,"",2
"Eleotris_pisonis","Eleotris_pisonis",TRUE,417209,FALSE,"",1
"Eleutherodactylus_coqui","Eleutherodactylus_coqui",TRUE,1085754,FALSE,"",4
"Eleutherodactylus_johnstonei","Eleutherodactylus_johnstonei",TRUE,836975,FALSE,"",1
"Eleutherodactylus_planirostris","Eleutherodactylus_planirostris",TRUE,1066501,FALSE,"",2
"Elops_saurus","Elops_saurus",TRUE,329631,FALSE,"",1
"Engraulis_encrasicolus","Engraulis_encrasicolus",TRUE,222963,FALSE,"",4
"Enneacanthus_gloriosus","Enneacanthus_gloriosus",TRUE,476364,FALSE,"",1
"Ensatina_eschscholtzi","Ensatina_eschscholtzii",TRUE,637537,FALSE,"",1
"Entomocorus_gameroi","Entomocorus_gameroi",TRUE,3623579,FALSE,"",1
"Epinephelus_fasciatus","Epinephelus_fasciatus",TRUE,534146,FALSE,"",4
"Epinephelus_stoliczkae","Epinephelus_stoliczkae",TRUE,3634069,FALSE,"",1
"Erignathus_barbatus","Erignathus_barbatus",TRUE,931413,FALSE,"",1
"Esox_niger","Esox_niger",TRUE,496121,FALSE,"",1
"Eucopia_australis","Eucopia_australis",TRUE,2989873,FALSE,"",3
"Eucopia_sculpticauda","Eucopia_sculpticauda",TRUE,845956,FALSE,"",1
"Eucopia_unguiculata","Eucopia_unguiculata",TRUE,2989872,FALSE,"",1
"Eudyptes_chrsolophus","Eudyptes_chrysolophus",TRUE,82219,FALSE,"",1
"Eudyptes_chrysocome","Eudyptes_chrysocome",TRUE,82220,FALSE,"",1
"Eudyptes_schlegeli","Eudyptes_schlegeli",TRUE,605139,FALSE,"",1
"Eudyptula_minor","Eudyptula_minor",TRUE,613299,FALSE,"",1
"Eukrohnia_hamata","Eukrohnia_hamata",TRUE,584274,FALSE,"",3
"Euproctus_montanus","Euproctus_montanus",TRUE,861438,FALSE,"",3
"Eurycea_cirrigera","Eurycea_cirrigera",TRUE,269532,FALSE,"",1
"Euthynnus_affinis","Euthynnus_affinis",TRUE,308760,FALSE,"",5
"Eutropiichthys_vacha","Eutropiichthys_vacha",TRUE,350498,FALSE,"",1
"Evasterias_troschelii","Evasterias_troschelii",TRUE,197640,FALSE,"",3
"Evermanella_sp","Evermannella",TRUE,86556,FALSE,"",1
"Evorthodus_lyricus","Evorthodus_lyricus",TRUE,7815,FALSE,"",2
"Exoglossum_maxillingua","Exoglossum_maxillingua",TRUE,411057,FALSE,"",1
"Falco_amurensis","Falco_amurensis",TRUE,352517,FALSE,"",1
"Falco_naumanni","Falco_naumanni",TRUE,624976,FALSE,"",1
"Farancia_abacura","Farancia_abacura",TRUE,931412,FALSE,"",2
"Felis_catus","Felis_catus",TRUE,563166,FALSE,"",2
"Flaccisagitta_enflata","Flaccisagitta_enflata",TRUE,679425,FALSE,"",1
"Forficula_auricularia","Forficula_auricularia",TRUE,673084,FALSE,"",3
"Fratercula_arctica","Fratercula_arctica",TRUE,864865,FALSE,"",1
"Freyella_elegans","Freyella_elegans",TRUE,3657381,FALSE,"",1
"Fulmarus_glacialoides","Fulmarus_glacialoides",TRUE,82196,FALSE,"",2
"Fundulus_chrysotus","Fundulus_chrysotus",TRUE,519470,FALSE,"",1
"Fundulus_confluentus","Fundulus_confluentus",TRUE,442986,FALSE,"",1
"Fundulus_diaphanus","Fundulus_diaphanus",TRUE,159076,FALSE,"",1
"Fundulus_grandis","Fundulus_grandis",TRUE,519483,FALSE,"",1
"Fundulus_heteroclitus","Fundulus_heteroclitus",TRUE,583633,FALSE,"",1
"Fundulus_parvipinnis","Fundulus_parvipinnis",TRUE,643240,FALSE,"",2
"Fundulus_pulvereus","Fundulus_pulvereus",TRUE,785973,FALSE,"",1
"Fundulus_xenica","Adinia_xenica",TRUE,839523,FALSE,"",1
"Gadus_morhua","Gadus_morhua",TRUE,114170,FALSE,"",2
"Gadus_ogac","Gadus_ogac",TRUE,635898,FALSE,"",4
"Galeocerdo_cuvier","Galeocerdo_cuvier",TRUE,976355,FALSE,"",3
"Gambelia_wislizeni","Gambelia_wislizenii",TRUE,244470,FALSE,"",2
"Gambusia_holbrooki","Gambusia_holbrooki",TRUE,553631,FALSE,"",3
"Gegeneophis_ramaswamii","Gegeneophis_ramaswamii",TRUE,227120,FALSE,"",1
"Gehyra_variegata","Gehyra_variegata",TRUE,24139,FALSE,"",4
"Genetta_cristata","Genetta_cristata",TRUE,45849,FALSE,"",1
"Gennadas_valens","Gennadas_valens",TRUE,250985,FALSE,"",1
"Gephyreaster_swifti","Gephyreaster_swifti",TRUE,983929,FALSE,"",1
"Gephyrocharax_valencia","Gephyrocharax_valencia",TRUE,3624910,FALSE,"",1
"Globicephala_macrorhynchus","Globicephala_macrorhynchus",TRUE,535886,FALSE,"",6
"Globicephala_melas","Globicephala_melas",TRUE,124212,FALSE,"",3
"Gnathocharax_steindachneri","Gnathocharax_steindachneri",TRUE,597351,FALSE,"",1
"Gobiomorus_dormitor","Gobiomorus_dormitor",TRUE,740272,FALSE,"",2
"Gobionellus_boleosoma","Ctenogobius_boleosoma",TRUE,763961,FALSE,"",2
"Gobionotothen_gibberifrons","Gobionotothen_gibberifrons",TRUE,448828,FALSE,"",1
"Gobiosoma_bosc","Gobiosoma_bosc",TRUE,230857,FALSE,"",3
"Gobiosoma_robustum","Gobiosoma_robustum",TRUE,1064480,FALSE,"",1
"Gonatodes_concinnatus","Gonatodes_concinnatus",TRUE,597542,FALSE,"",1
"Gonatodes_hasemani","Gonatodes_hasemani",TRUE,723078,FALSE,"",2
"Gonatodes_humeralis","Gonatodes_humeralis",TRUE,126729,FALSE,"",3
"Gowidon_longirostris","Gowidon_longirostris",TRUE,298875,FALSE,"",1
"Graptemys_geographica","Graptemys_geographica",TRUE,1064023,FALSE,"",1
"Grayia_smythii","Grayia_smithii",TRUE,994633,FALSE,"",4
"Gulo_gulo","Gulo_gulo",TRUE,178247,FALSE,"",1
"Gymnophthalmus_underwoodi","Gymnophthalmus_underwoodi",TRUE,58577,FALSE,"",1
"Gymnoscopelus_fraseri","Gymnoscopelus_fraseri",TRUE,162203,FALSE,"",2
"Gymnoscopelus_nicholsi","Gymnoscopelus_nicholsi",TRUE,211050,FALSE,"",3
"Gymnotus_carapo","Gymnotus_carapo",TRUE,445408,FALSE,"",2
"Gymnotus_cylindricus","Gymnotus_cylindricus",TRUE,463673,FALSE,"",2
"Haddadus_binotatus","Haddadus_binotatus",TRUE,798788,FALSE,"",1
"Haldea_valeriae","Virginia_valeriae",TRUE,4121174,FALSE,"",1
"Halichoerus_grypus","Halichoerus_grypus",TRUE,1040694,FALSE,"",1
"Harpagifer_antarcticus","Harpagifer_antarcticus",TRUE,56123,FALSE,"",1
"Harpalus_rufipes","Harpalus_rufipes",TRUE,326464,FALSE,"sibling_higher",5
"Haustrum_haustorium","Haustrum_haustorium",TRUE,976141,FALSE,"",1
"Haustrum_scobina","Haustrum_scobina",TRUE,389266,FALSE,"",1
"Heliaster_helianthus","Heliaster_helianthus",TRUE,3657206,FALSE,"",1
"Helicops_infrataeniatus","Helicops_infrataeniatus",TRUE,1087427,FALSE,"",1
"Heliobolus_lugubris","Heliobolus_lugubris",TRUE,257069,FALSE,"",1
"Heliobolus_spekii","Heliobolus_spekii",TRUE,363306,FALSE,"",1
"Hemicaranx_amblyrhynchus","Hemicaranx_amblyrhynchus",TRUE,554316,FALSE,"",1
"Hemichromis_fasciatus","Hemichromis_fasciatus",TRUE,336606,FALSE,"",1
"Hemidactylus_brooki","Hemidactylus_brookii",TRUE,818134,FALSE,"sibling_higher",3
"Hemidactylus_mabouia","Hemidactylus_mabouia",TRUE,737831,FALSE,"sibling_higher",3
"Hemigrammus","Hemigrammus",FALSE,440388,FALSE,"",1
"Hemigrammus_analis","Hemigrammus_analis",TRUE,3625394,FALSE,"",1
"Hemigrammus_barrigonae","Hemigrammus_barrigonae",TRUE,3625387,FALSE,"",1
"Hemigrammus_bellottii","Hemigrammus_bellottii",TRUE,3625367,FALSE,"",2
"Hemigrammus_microstomus","Hemigrammus_microstomus",TRUE,3625371,FALSE,"",2
"Hemigrammus_rhodostomus","Hemigrammus_rhodostomus",TRUE,3625407,FALSE,"",1
"Hemigrammus_stictus","Hemigrammus_stictus",TRUE,3625413,FALSE,"",1
"Hemigrammus_vorderwinkleri","Hemigrammus_vorderwinkleri",TRUE,3625379,FALSE,"",1
"Hemisus_marmoratus","Hemisus_marmoratus",TRUE,968537,FALSE,"",2
"Hepsetus_odoe","Hepsetus_odoe",TRUE,128234,FALSE,"",1
"Heterandria_formosa","Heterandria_formosa",TRUE,808633,FALSE,"",1
"Heterocharax_macrolepis","Heterocharax_macrolepis",TRUE,156784,FALSE,"",1
"Heterodon_platirhinos","Heterodon_platirhinos",TRUE,405958,FALSE,"",3
"Heteronotia_binoeii","Heteronotia_binoei",TRUE,608936,FALSE,"",3
"Hexaplex_princeps","Hexaplex_princeps",TRUE,2909103,FALSE,"",1
"Hippasteria_phrygiana","Hippasteria_phrygiana",TRUE,3656615,FALSE,"",1
"Hippopotamyrus_discorhynchus","Cyphomyrus_discorhynchus",TRUE,349817,FALSE,"",1
"Holobaena_caerulea","Halobaena_caerulea",TRUE,656582,FALSE,"",1
"Homarus_americanus","Homarus_americanus",TRUE,28247,FALSE,"",1
"Hoplerythrinus_unitaeniatus","Hoplerythrinus_unitaeniatus",TRUE,719840,FALSE,"",2
"Hoplias_malabaricus","Hoplias_malabaricus",TRUE,179348,FALSE,"",2
"Hoplobatrachus_occipitalis","Hoplobatrachus_occipitalis",TRUE,74847,FALSE,"",1
"Hydrocynus_vittatus","Hydrocynus_vittatus",TRUE,384849,FALSE,"",6
"Hydrolycus_armatus","Hydrolycus_armatus",TRUE,545265,FALSE,"",1
"Hyla_euphorbiacea","Dryophytes_euphorbiaceus",TRUE,598460,FALSE,"",1
"Hyla_japonica","Dryophytes_japonicus",TRUE,240413,FALSE,"",2
"Hyla_versicolor","Dryophytes_versicolor",TRUE,386095,FALSE,"",2
"Hymenaster_membranaceus","Hymenaster_pellucidus",TRUE,32677,FALSE,"",1
"Hymenodora_glacialis","Hymenodora_glacialis",TRUE,350356,FALSE,"",2
"Hyperolius_concolor","Hyperolius_concolor",TRUE,505134,FALSE,"",2
"Hyperolius_fusciventris","Hyperolius_fusciventris",TRUE,85268,FALSE,"",1
"Hyperolius_guttulatus","Hyperolius_guttulatus",TRUE,510964,FALSE,"",5
"Hyperolius_sylvaticus","Hyperolius_sylvaticus",TRUE,1088575,FALSE,"",1
"Hypopomus","Hypopomus",FALSE,164258,FALSE,"",1
"Hypseleotris","Hypseleotris",FALSE,78304,FALSE,"",1
"Hypsiglena_torquata","Hypsiglena_torquata",TRUE,740048,FALSE,"",1
"Ichnotropis_squamulosa","Meroles_squamulosus",TRUE,1014443,FALSE,"",1
"Ichthyophis_bannanicus","Ichthyophis_bannanicus",TRUE,639649,FALSE,"",2
"Idiacanthus_antrostomus","Idiacanthus_antrostomus",TRUE,890166,FALSE,"",1
"Incilius_mazatlanensis","Incilius_mazatlanensis",TRUE,931373,FALSE,"",1
"Isurus_oxyrinchus","Isurus_oxyrinchus",TRUE,73672,FALSE,"",3
"Itapotihyla_langsdorffi","Itapotihyla_langsdorffii",TRUE,528946,FALSE,"",1
"Jordanella_floridae","Jordanella_floridae",TRUE,82326,FALSE,"",1
"Kentropyx_calcarata","Kentropyx_calcarata",TRUE,348433,FALSE,"",7
"Kentropyx_pelviceps","Kentropyx_pelviceps",TRUE,348432,FALSE,"",2
"Kentropyx_striata","Kentropyx_striata",TRUE,348431,FALSE,"",2
"Labidesthes_sicculus","Labidesthes_sicculus",TRUE,125720,FALSE,"",1
"Labidiaster_annulatus","Labidiaster_annulatus",TRUE,414552,FALSE,"",2
"Lagodon_rhomboides","Lagodon_rhomboides",TRUE,905046,FALSE,"",1
"Lampanyctodes_hectoris","Lampanyctodes_hectoris",TRUE,866174,FALSE,"",2
"Lampanyctus_australis","Lampanyctus_australis",TRUE,3629483,FALSE,"",1
"Lampanyctus_macropterus","Lampanyctus_macropterus",TRUE,3629487,FALSE,"",1
"Lampanyctus_regalis","Nannobrachium_regale",TRUE,169226,FALSE,"",1
"Lampanyctus_ritteri","Nannobrachium_ritteri",TRUE,47677,FALSE,"",1
"Lampropeltis_calligaster","Lampropeltis_calligaster",TRUE,300629,FALSE,"",1
"Lampropeltis_getula","Lampropeltis_getula",TRUE,547409,FALSE,"",2
"Lampropeltis_triangulum","Lampropeltis_triangulum",TRUE,815155,FALSE,"",2
"Lamycetes_fulvicornis","Lamyctes_fulvicornis",TRUE,942627,FALSE,"",2
"Lanius_excubitor","Lanius_excubitor",TRUE,146937,FALSE,"",1
"Larus_philidelphia","Larus_philadelphia",TRUE,1026258,FALSE,"",1
"Latastia_longicaudata","Latastia_longicaudata",TRUE,437767,FALSE,"",1
"Latirolagena_smaragdula","Latirolagena_smaragdulus",TRUE,2898419,FALSE,"",2
"Latirus_polygonus","Latirus_polygonus",TRUE,2898512,FALSE,"",1
"Leiostomus_xanthurus","Leiostomus_xanthurus",TRUE,1052160,FALSE,"",1
"Lensia_conoidea","Lensia_conoidea",TRUE,863148,FALSE,"",1
"Lepidonotothen_nudifrons","Lepidonotothen_nudifrons",TRUE,260052,FALSE,"",1
"Lepidonotothen_squamifrons","Lepidonotothen_squamifrons",TRUE,598968,FALSE,"",1
"Lepidonotus_squamatus","Lepidonotus_squamatus",TRUE,974925,FALSE,"sibling_higher",1
"Lepisosteus_platyrhincus","Lepisosteus_platyrhincus",TRUE,804455,FALSE,"",3
"Lepomis_gibbosus","Lepomis_gibbosus",TRUE,670266,FALSE,"",2
"Lepomis_macrochirus","Lepomis_macrochirus",TRUE,836783,FALSE,"",2
"Lepomis_marginatus","Lepomis_marginatus",TRUE,943380,FALSE,"",1
"Lepomis_microlophus","Lepomis_microlophus",TRUE,271244,FALSE,"",1
"Lepomis_punctatus","Lepomis_punctatus",TRUE,271257,FALSE,"",2
"Leposoma_parietale","Loxopholis_parietalis",TRUE,838439,FALSE,"",1
"Leposoma_percarinatum","Loxopholis_percarinatum",TRUE,322420,FALSE,"",1
"Lepsiella_vinosa","Lepsiella_vinosum",TRUE,2912691,FALSE,"hidden",2
"Leptasterias_hexactis","Leptasterias_hexactis",TRUE,658147,FALSE,"sibling_higher",1
"Leptasterias_polaris","Leptasterias_polaris",TRUE,463287,FALSE,"sibling_higher",1
"Leptobotia_elongata","Leptobotia_elongata",TRUE,804295,FALSE,"",1
"Leptonychotes_weddellii","Leptonychotes_weddellii",TRUE,175259,FALSE,"",2
"Leptophis_mexicanus","Leptophis_mexicanus",TRUE,4121530,FALSE,"",3
"Lethrinus_borbonicus","Lethrinus_borbonicus",TRUE,850621,FALSE,"",1
"Lethrinus_mahsena","Lethrinus_mahsena",TRUE,229733,FALSE,"",1
"Lethrinus_microdon","Lethrinus_microdon",TRUE,850606,FALSE,"",2
"Lethrinus_nebulosus","Lethrinus_nebulosus",TRUE,850597,FALSE,"",3
"Leucorchestris_arenicola","Leucorchestris_arenicola",TRUE,3551243,FALSE,"",1
"Leucorchestris_steyni","Leucorchestris_steyni",TRUE,3551544,FALSE,"",1
"Lialis_burtoni","Lialis_burtonis",TRUE,24142,FALSE,"",2
"Liocarcinus_depurator","Liocarcinus_depurator",TRUE,449977,FALSE,"",1
"Liocarcinus_holsatus","Liocarcinus_holsatus",TRUE,99731,FALSE,"",1
"Liodytes_rigida","Liodytes_rigida",TRUE,505616,FALSE,"",1
"Liopeltis_vernalis","Opheodrys_vernalis",TRUE,593540,FALSE,"",1
"Lithobates_sphenocephalus","Rana_sphenocephala",TRUE,61437,FALSE,"",2
"Lithobius_crassipes","Lithobius_crassipes",TRUE,53152,FALSE,"",6
"Lithobius_curtipes","Lithobius_curtipes",TRUE,925460,FALSE,"",1
"Lithobius_mutabilis","Lithobius_mutabilis",TRUE,267601,FALSE,"",3
"Lithodoras_dorsalis","Lithodoras_dorsalis",TRUE,623743,FALSE,"",1
"Liza_aurata","Chelon_auratus",TRUE,418662,FALSE,"",1
"Liza_ramada","Chelon_ramada",TRUE,668241,FALSE,"",2
"Liza_saliens","Chelon_saliens",TRUE,418656,FALSE,"",1
"Loligo_forbesii","Loligo_forbesii",TRUE,528832,FALSE,"",2
"Loligo_pealei","Doryteuthis_pealeii",TRUE,241285,FALSE,"",3
"Loligo_vulgaris","Loligo_vulgaris",TRUE,1054848,FALSE,"",1
"Loricera_pilicornis","Loricera_pilicornis",TRUE,230604,FALSE,"",2
"Lucania_goodei","Lucania_goodei",TRUE,84261,FALSE,"",1
"Lucania_parva","Lucania_parva",TRUE,839518,FALSE,"",1
"Lucasium_stenodactylum","Lucasium_stenodactylum",TRUE,431042,FALSE,"",1
"Luidia_ciliaris","Luidia_ciliaris",TRUE,332056,FALSE,"",1
"Luidia_clathrata","Luidia_clathrata",TRUE,337934,FALSE,"",3
"Luidia_foliolata","Luidia_foliolata",TRUE,258317,FALSE,"",1
"Luidia_quinaria","Luidia_quinaria",TRUE,367765,FALSE,"",1
"Luidia_sarsi","Luidia_sarsi",TRUE,24895,FALSE,"",2
"Lutjanus_bohar","Lutjanus_bohar",TRUE,333352,FALSE,"",3
"Lutjanus_gibbus","Lutjanus_gibbus",TRUE,333344,FALSE,"",2
"Lutjanus_jocu","Lutjanus_jocu",TRUE,943192,FALSE,"",1
"Lutjanus_kasmira","Lutjanus_kasmira",TRUE,333340,FALSE,"",2
"Luxilus_cornutus","Luxilus_cornutus",TRUE,96051,FALSE,"",1
"Lyciasalamandra_luschani","Lyciasalamandra_luschani",TRUE,1012890,FALSE,"",1
"Lygodactylus_capensis","Lygodactylus_capensis",TRUE,43346,FALSE,"sibling_higher",1
"Lygodactylus_picturatus","Lygodactylus_picturatus",TRUE,1085744,FALSE,"sibling_higher",2
"Lynx_lynx","Lynx_lynx",TRUE,886829,FALSE,"",1
"Lynx_rufus","Lynx_rufus",TRUE,507545,FALSE,"",2
"Mabuya_planifrons","Trachylepis_planifrons",TRUE,4123483,FALSE,"",1
"Maccullochella_peelii","Maccullochella_peelii",TRUE,538656,FALSE,"",2
"Marcusenius_macrolepidotus","Marcusenius_macrolepidotus",TRUE,1016851,FALSE,"",1
"Martes_americana","Martes_americana",TRUE,923116,FALSE,"",2
"Martes_foina","Martes_foina",TRUE,348047,FALSE,"",1
"Mastacembelus_frenatus","Mastacembelus_frenatus",TRUE,546685,FALSE,"",5
"Masticophis_flagellum","Masticophis_flagellum",TRUE,1032608,FALSE,"",1
"Maurolicus_muelleri","Maurolicus_muelleri",TRUE,540470,FALSE,"",3
"Mediaster_aequalis","Mediaster_aequalis",TRUE,658159,FALSE,"",1
"Megadyptes_antipodes","Megadyptes_antipodes",TRUE,429618,FALSE,"",1
"Meganyctiphanes_norvegica","Meganyctiphanes_norvegica",TRUE,151806,FALSE,"",1
"Megenaster_gelatinous","Meyenaster_gelatinosus",TRUE,752702,FALSE,"",1
"Melamphaes_lugubris","Melamphaes_lugubris",TRUE,273421,FALSE,"",2
"Melanotaenia_fluviatilis","Melanotaenia_fluviatilis",TRUE,224783,FALSE,"",1
"Menetia_greyii","Menetia_greyii",TRUE,733910,FALSE,"",1
"Menidia_beryllina","Menidia_beryllina",TRUE,804705,FALSE,"",1
"Menidia_peninsulae","Menidia_peninsulae",TRUE,800800,FALSE,"",1
"Meridiastra_gunnii","Meridiastra_gunnii",TRUE,644991,FALSE,"",1
"Meroles_suborbitalis","Meroles_suborbitalis",TRUE,996385,FALSE,"",1
"Mertensia_ovum","Mertensia_ovum",TRUE,523265,FALSE,"",1
"Mesotriton_alpestris","Ichthyosaura_alpestris",TRUE,159060,FALSE,"",1
"Microglanis_iheringi","Microglanis_iheringi",TRUE,1087479,FALSE,"",1
"Microphis_brachyurus","Oostethus_brachyurus",TRUE,495929,FALSE,"",1
"Micropogonias_undulatus","Micropogonias_undulatus",TRUE,987393,FALSE,"",2
"Micropterus_salmoides","Micropterus_salmoides",TRUE,230493,FALSE,"",2
"Microsternarchus_bilineatus","Microsternarchus_bilineatus",TRUE,164257,FALSE,"",1
"Mikrogeophagus_ramirezi","Mikrogeophagus_ramirezi",TRUE,316392,FALSE,"",2
"Mimetus_notius","Mimetus_notius",TRUE,794017,FALSE,"",2
"Mirounga_angustirostris","Mirounga_angustirostris",TRUE,175268,FALSE,"",1
"Mnemiopsis_leidyi","Mnemiopsis_leidyi",TRUE,161877,FALSE,"",1
"Mochlus_sundevallii","Mochlus_sundevalli",TRUE,900559,FALSE,"",2
"Moenkhausia_forestii","Moenkhausia_forestii",TRUE,319761,FALSE,"",1
"Moloch_horridus","Moloch_horridus",TRUE,116307,FALSE,"",1
"Monachus_monachus","Monachus_monachus",TRUE,759722,FALSE,"",2
"Morethia_butleri","Morethia_butleri",TRUE,155780,FALSE,"",1
"Mormyrus_lacerda","Mormyrus_lacerda",TRUE,3643924,FALSE,"",1
"Morone_americana","Morone_americana",TRUE,769292,FALSE,"",2
"Morone_chrysops","Morone_chrysops",TRUE,246133,FALSE,"",1
"Moroteuthis_ingens","Onykia_ingens",TRUE,784784,FALSE,"",1
"Morula_musiva","Tenguella_musiva",TRUE,586019,FALSE,"",1
"Mugil_cephalus","Mugil_cephalus",TRUE,418648,FALSE,"",4
"Mus_musculus","Mus_musculus",TRUE,542509,FALSE,"",1
"Mustela_erminea","Mustela_erminea",TRUE,681184,FALSE,"",1
"Mustela_nivalis","Mustela_nivalis",TRUE,354525,FALSE,"",1
"Mustela_putorius","Mustela_putorius",TRUE,923126,FALSE,"",1
"Mustelus_henlei","Mustelus_henlei",TRUE,1035182,FALSE,"",1
"Myctophum_aurolaternatum","Myctophum_aurolaternatum",TRUE,519259,FALSE,"",2
"Myctophum_spinosum","Myctophum_spinosum",TRUE,114280,FALSE,"",2
"Mysis_mixta","Mysis_mixta",TRUE,777293,FALSE,"",1
"Nandopsis_dovii","Parachromis_dovii",TRUE,295717,FALSE,"",1
"Nandopsis_friedrichsthalii","Parachromis_friedrichsthalii",TRUE,63349,FALSE,"",1
"Nandopsis_urophthalmus","Cichlasoma_urophthalmum",TRUE,969102,FALSE,"sibling_higher",2
"Natrix_sipedon","Nerodia_sipedon",TRUE,405962,FALSE,"",2
"Natrix_taxispilota","Nerodia_taxispilota",TRUE,769289,FALSE,"",1
"Nebria_brevicollis","Nebria_brevicollis",TRUE,686814,FALSE,"",1
"Necora_puber","Necora_puber",TRUE,613653,FALSE,"",1
"Negaprion_brevirostris","Negaprion_brevirostris",TRUE,450137,FALSE,"",2
"Neogobius_melanostomus","Neogobius_melanostomus",TRUE,475633,FALSE,"",2
"Nephrurus_laevissimus","Nephrurus_laevissimus",TRUE,614488,FALSE,"",2
"Nephrurus_levis","Nephrurus_levis",TRUE,256960,FALSE,"",4
"Nephrurus_vertebralis","Nephrurus_vertebralis",TRUE,583137,FALSE,"",2
"Nephtys_caeca","Nephtys_caeca",TRUE,642691,FALSE,"",1
"Nephtys_hombergii","Nephtys_hombergii",TRUE,336916,FALSE,"",3
"Nerodia_cyclopion","Nerodia_cyclopion",TRUE,1082130,FALSE,"",1
"Nerodia_erythrogaster","Nerodia_erythrogaster",TRUE,353725,FALSE,"",2
"Nerodia_fasciata","Nerodia_fasciata",TRUE,353717,FALSE,"",2
"Nerodia_rhombifera","Nerodia_rhombifer",TRUE,505612,FALSE,"",2
"Notiophilus_biguttatus","Notiophilus_biguttatus",TRUE,479488,FALSE,"",1
"Notophthalmus_viridescens","Notophthalmus_viridescens",TRUE,566015,FALSE,"",1
"Notostomus_gibbosus","Notostomus_gibbosus",TRUE,475269,FALSE,"",1
"Notothenia_coriiceps","Notothenia_coriiceps",TRUE,258643,FALSE,"",2
"Notothenia_rossii","Notothenia_rossii",TRUE,598964,FALSE,"",1
"Notropis_hudsonius","Notropis_hudsonius",TRUE,135051,FALSE,"",1
"Noturus_gyrinus","Noturus_gyrinus",TRUE,652777,FALSE,"",1
"Nucella_canaliculata","Nucella_canaliculata",TRUE,1085941,FALSE,"",2
"Nucella_emarginata","Nucella_emarginata",TRUE,1085951,FALSE,"",2
"Nucella_lapillus","Nucella_lapillus",TRUE,509218,FALSE,"",1
"Nucella_ostrina","Nucella_ostrina",TRUE,22397,FALSE,"",1
"Nucifraga_columbiana","Nucifraga_columbiana",TRUE,425442,FALSE,"",1
"Nucras_tessellata","Nucras_tessellata",TRUE,437763,FALSE,"",1
"Obelia_dichotoma","Obelia_dichotoma",TRUE,1097118,FALSE,"",2
"Oceanites_oceanicus","Oceanites_oceanicus",TRUE,656591,FALSE,"",1
"Ocenebra_lurida","Ocinebrina_lurida",TRUE,2909169,FALSE,"",2
"Ochmacanthus_alternus","Ochmacanthus_alternus",TRUE,56579,FALSE,"",1
"Ommastrephes_bartamii","Ommastrephes_bartramii",TRUE,754413,FALSE,"",2
"Opheodrys_aestivus","Opheodrys_aestivus",TRUE,259049,FALSE,"",2
"Ophiacantha_pentactis","Ophiacantha_pentactis",TRUE,3655196,FALSE,"sibling_higher",3
"Ophioglypha_sarsi","Ophiura_sarsii",TRUE,1076435,FALSE,"sibling_higher",2
"Ophioglypha_texturata","Ophiura_ophiura",TRUE,60289,FALSE,"sibling_higher",1
"Ophionotus_victoriae","Ophionotus_victoriae",TRUE,394241,FALSE,"",1
"Ophioperla_kohleri","Ophioperla_koehleri",TRUE,3655441,FALSE,"",1
"Ophiopholis_aculeata","Ophiopholis_aculeata",TRUE,146373,FALSE,"",1
"Ophiosparte_gigas","Ophiosparte_gigas",TRUE,1095337,FALSE,"",1
"Ophiothrix_fragilis","Ophiothrix_fragilis",TRUE,41884,FALSE,"sibling_higher",4
"Ophiura_albida","Ophiura_albida",TRUE,331948,FALSE,"sibling_higher",3
"Ophiurolepis_gelida","Ophioplinthus_gelida",TRUE,568759,FALSE,"",1
"Oreochromis_macrochir","Oreochromis_macrochir",TRUE,336337,FALSE,"sibling_higher",2
"Orthasterias_koehleri","Orthasterias_koehleri",TRUE,136032,FALSE,"",1
"Osornophryne_percrassa","Osornophryne_percrassa",TRUE,63574,FALSE,"",1
"Osteopilus_septentrionalis","Osteopilus_septentrionalis",TRUE,528961,FALSE,"",2
"Oswaldella_antarctica","Oswaldella_antarctica",TRUE,3682848,FALSE,"",2
"Otocyon_megalotis","Otocyon_megalotis",TRUE,821973,FALSE,"",1
"Ovalipes_catharus","Ovalipes_catharus",TRUE,2979114,FALSE,"",1
"Oxybelis_aeneus","Oxybelis_aeneus",TRUE,809248,FALSE,"",2
"Oxybelis_fulgidus","Oxybelis_fulgidus",TRUE,10062,FALSE,"",3
"Pachydactylus_bibronii","Chondrodactylus_bibronii",TRUE,435224,FALSE,"",1
"Pachydactylus_capensis","Pachydactylus_capensis",TRUE,676900,FALSE,"",4
"Pachydactylus_rugosus","Pachydactylus_rugosus",TRUE,153679,FALSE,"",1
"Pagurus_bernhardus","Pagurus_bernhardus",TRUE,929440,FALSE,"sibling_higher",3
"Panthera_leo","Panthera_leo",TRUE,563151,FALSE,"",1
"Pantherophis_alleghaniensis","Pantherophis_alleghaniensis",TRUE,689032,FALSE,"",1
"Paralichthys_lethostigma","Paralichthys_lethostigma",TRUE,375988,FALSE,"",2
"Paralithodes_camtschatica","Paralithodes_camtschaticus",TRUE,131917,FALSE,"",2
"Paramesothriton_hongkongensis","Paramesotriton_hongkongensis",TRUE,932570,FALSE,"",1
"Pardosa_ramulosa","Pardosa_ramulosa",TRUE,3558106,FALSE,"",2
"Parmaturus_xaniurus","Parmaturus_xaniurus",TRUE,568234,FALSE,"",1
"Parvilux_ingens","Parvilux_ingens",TRUE,307336,FALSE,"",2
"Pedioplanis_lineoocellata","Pedioplanis_lineoocellata",TRUE,257070,FALSE,"",1
"Pedioplanis_namaquensis","Pedioplanis_namaquensis",TRUE,300885,FALSE,"",1
"Pellona_castelnaeana","Pellona_castelnaeana",TRUE,482290,FALSE,"",1
"Pelophylax_nigromaculatus","Pelophylax_nigromaculatus",TRUE,14673,FALSE,"",1
"Perca_fluviatilis","Perca_fluviatilis",TRUE,186488,FALSE,"",2
"Peristernia_australiensis","Peristernia_australiensis",TRUE,2898510,FALSE,"",1
"Peristernia_chlorostoma","Peristernia_chlorostoma",TRUE,2898746,FALSE,"",2
"Peristernia_forskali","Peristernia_forskalii",TRUE,2898743,FALSE,"",1
"Peristernia_nassatula","Peristernia_nassatula",TRUE,2898741,FALSE,"",2
"Peristernia_reincarnata","Peristernia_reincarnata",TRUE,2898508,FALSE,"",2
"Peristernia_ustulata","Peristernia_ustulata",TRUE,2898511,FALSE,"",3
"Petricia_vernicina","Petricia_vernicina",TRUE,845191,FALSE,"",1
"Petrocephalus_catostoma","Petrocephalus_catostoma",TRUE,39898,FALSE,"",3
"Phaeognathus_hubrichti","Phaeognathus_hubrichti",TRUE,319473,FALSE,"",1
"Phalacrocorax_aristotelis","Gulosus_aristotelis",TRUE,1021952,FALSE,"",1
"Phalacrocorax_carbo","Phalacrocorax_carbo",TRUE,969841,FALSE,"",1
"Phalacrocorax_melanoleucas","Microcarbo_melanoleucos",TRUE,9838,FALSE,"",1
"Phalacrocorax_sulcirostris","Phalacrocorax_sulcirostris",TRUE,443642,FALSE,"",2
"Phalacrocorax_varius","Phalacrocorax_varius",TRUE,701202,FALSE,"",2
"Pharyngochromis_darlingi","Pharyngochromis_darlingi",TRUE,3635799,FALSE,"",1
"Phoca_groenlandica","Phoca_groenlandica",TRUE,664062,FALSE,"sibling_higher",1
"Phoca_vitulina_richardsi","Phoca_vitulina_richardii",TRUE,357731,FALSE,"infraspecific",3
"Phrynobatrachus_mababiensis","Phrynobatrachus_mababiensis",TRUE,406427,FALSE,"",3
"Phrynosoma_platyrhinos","Phrynosoma_platyrhinos",TRUE,671419,FALSE,"",2
"Phtheirichthys_lineatus","Phtheirichthys_lineatus",TRUE,204918,FALSE,"",3
"Phyllodytes_luteolus","Phyllodytes_luteolus",TRUE,144103,FALSE,"",1
"Phyllomedusa_burmeisteri","Phyllomedusa_burmeisteri",TRUE,65473,FALSE,"sibling_higher",1
"Phyllomedusa_rohdei","Pithecopus_rohdei",TRUE,364552,FALSE,"",1
"Pimelodella","Pimelodella",FALSE,957296,FALSE,"",1
"Pisaster_brevispinus","Pisaster_brevispinus",TRUE,76842,FALSE,"",2
"Pisaster_ochraceus","Pisaster_ochraceus",TRUE,76843,FALSE,"",1
"Pituophis_melanoleucus","Pituophis_melanoleucus",TRUE,405961,FALSE,"",4
"Plagioscion_squamosissimus","Plagioscion_squamosissimus",TRUE,489923,FALSE,"",1
"Platichthys_flesus","Platichthys_flesus",TRUE,408331,FALSE,"",2
"Platycephalus_speculator","Platycephalus_speculator",TRUE,411598,FALSE,"",2
"Platynematichthys_notatus","Platynematichthys_notatus",TRUE,761562,FALSE,"",1
"Plesionika_acanthonotus","Plesionika_acanthonotus",TRUE,153754,FALSE,"sibling_higher",1
"Plesionika_edwardsii","Plesionika_edwardsii",TRUE,937710,FALSE,"sibling_higher",1
"Plesionika_gigliolii","Plesionika_gigliolii",TRUE,4665958,FALSE,"sibling_higher",1
"Plesionika_heterocarpus","Plesionika_heterocarpus",TRUE,499740,FALSE,"sibling_higher",1
"Plesionika_martia","Plesionika_martia",TRUE,153795,FALSE,"sibling_higher",1
"Plethodon_albagula","Plethodon_albagula",TRUE,162448,FALSE,"",1
"Plethodon_cinereus","Plethodon_cinereus",TRUE,923025,FALSE,"",1
"Plethodon_shermani","Plethodon_shermani",TRUE,942942,FALSE,"",1
"Pleurobrachia_pileus","Pleurobrachia_pileus",TRUE,626459,FALSE,"",1
"Pleurobranchaea_californica","Pleurobranchaea_californica",TRUE,473886,FALSE,"",1
"Pleurodema_diplolister","Pleurodema_diplolister",TRUE,806505,FALSE,"sibling_higher",2
"Plica_plica","Plica_plica",TRUE,761851,FALSE,"",1
"Plica_umbra","Plica_umbra",TRUE,761862,FALSE,"",1
"Poecilia_latipinna","Poecilia_latipinna",TRUE,998174,FALSE,"",1
"Pogonias_cromis","Pogonias_cromis",TRUE,897436,FALSE,"",1
"Pollimyrus_castelnaui","Pollimyrus_castelnaui",TRUE,1016847,FALSE,"",1
"Polysticta_stelleri","Polysticta_stelleri",TRUE,1050966,FALSE,"",2
"Pomadasys_crocro","Rhonciscus_crocro",TRUE,479877,FALSE,"",1
"Pomatoschistus_microps","Pomatoschistus_microps",TRUE,1069642,FALSE,"",1
"Pomoxis_nigromaculatus","Pomoxis_nigromaculatus",TRUE,437614,FALSE,"",1
"Pontaster_tenuispinis","Pontaster_tenuispinus",TRUE,875661,FALSE,"",1
"Potamites_ecpleopus","Potamites_ecpleopus",TRUE,588798,FALSE,"",1
"Potamites_juruazensis","Potamites_juruazensis",TRUE,588797,FALSE,"",1
"Prionace_gluaca","Prionace_glauca",TRUE,361523,FALSE,"",1
"Prionodactylus_oshaughnessyi","Cercosaura_oshaughnessyi",TRUE,967617,FALSE,"",1
"Pristobrycon","Pristobrycon",FALSE,597350,FALSE,"",1
"Pristobrycon_striolatus","Pristobrycon_striolatus",TRUE,597346,FALSE,"",2
"Protomyctophum_anderssoni","Krefftichthys_anderssoni",TRUE,785196,FALSE,"",1
"Protomyctophum_bolini","Protomyctophum_bolini",TRUE,752882,FALSE,"sibling_higher",1
"Protomyctophum_choriodon","Protomyctophum_choriodon",TRUE,357757,FALSE,"sibling_higher",1
"Protomyctophum_tenisoni","Protomyctophum_tenisoni",TRUE,3629399,FALSE,"sibling_higher",1
"Psellogrammus_kennedyi","Psellogrammus_kennedyi",TRUE,575370,FALSE,"",1
"Pseudis_bolbodactyla","Pseudis_bolbodactyla",TRUE,677455,FALSE,"",1
"Pseudis_limellum","Pseudis_limellum",TRUE,1088048,FALSE,"",1
"Pseudis_minuta","Pseudis_minuta",TRUE,173495,FALSE,"",2
"Pseudis_paradoxa","Pseudis_paradoxa",TRUE,1035873,FALSE,"",2
"Pseudis_tocantins","Pseudis_tocantins",TRUE,677469,FALSE,"",1
"Pseudocrenilabrus_philander","Pseudocrenilabrus_philander",TRUE,828443,FALSE,"",1
"Pseudogonatodes_guianensis","Pseudogonatodes_guianensis",TRUE,935362,FALSE,"",2
"Pseudotriton_ruber","Pseudotriton_ruber",TRUE,1017693,FALSE,"",1
"Psilaster_andromeda","Psilaster_andromeda",TRUE,3656962,FALSE,"",1
"Psilaster_pectinatus","Psilaster_pectinatus",TRUE,589804,FALSE,"",1
"Ptenopus_garrulus","Ptenopus_garrulus",TRUE,4122801,FALSE,"",1
"Pterostichus_melanaria","Pterostichus_melanarius",TRUE,1046677,FALSE,"",1
"Ptychadena_anchietae","Ptychadena_anchietae",TRUE,160735,FALSE,"",1
"Ptychadena_mascareniensis","Ptychadena_mascareniensis",TRUE,799886,FALSE,"",2
"Puma_concolor","Puma_concolor",TRUE,42307,FALSE,"",1
"Pycnopodia_helianthoides","Pycnopodia_helianthoides",TRUE,197638,FALSE,"",1
"Pygocentrus_cariba","Pygocentrus_cariba",TRUE,681015,FALSE,"",2
"Pygopristis_denticulatus","Pygopristis_denticulata",TRUE,512352,FALSE,"",1
"Pygopus_nigriceps","Pygopus_nigriceps",TRUE,836591,FALSE,"",2
"Pygoscelis_papua","Pygoscelis_papua",TRUE,1028837,FALSE,"",1
"Pyrrhulina_lugubris","Pyrrhulina_lugubris",TRUE,3624408,FALSE,"",1
"Pytenestes_ostrinus","Pyrenestes_ostrinus",TRUE,969503,FALSE,"",1
"Quasipaa_verrucospinosa","Quasipaa_verrucospinosa",TRUE,223113,FALSE,"",1
"Quelea_erythrops","Quelea_erythrops",TRUE,3597756,FALSE,"",1
"Rachovia_maculipinnis","Rachovia_maculipinnis",TRUE,663844,FALSE,"",1
"Raja_radula","Raja_radula",TRUE,607390,FALSE,"",1
"Raja_velezi","Raja_velezi",TRUE,126586,FALSE,"",1
"Rana_areolata","Rana_areolata",TRUE,413846,FALSE,"",1
"Rana_aurora_draytonii","Rana_draytonii",TRUE,597569,FALSE,"",2
"Rana_catesbeiana","Rana_catesbeiana",TRUE,14688,FALSE,"",2
"Rana_graeca","Rana_graeca",TRUE,886097,FALSE,"",1
"Rana_limnocharis","Fejervarya_limnocharis",TRUE,656225,FALSE,"",1
"Rana_swinhoana","Odorrana_swinhoana",TRUE,14392,FALSE,"",1
"Ranitomeya_virolinensis","Andinobates_virolinensis",TRUE,296388,FALSE,"",1
"Rathbunaster_californicus","Rathbunaster_californicus",TRUE,781471,FALSE,"",1
"Rathkea_octopunctata","Rathkea_octopunctata",TRUE,349960,FALSE,"",1
"Rattus_rattus","Rattus_rattus",TRUE,271571,FALSE,"",1
"Regina_alleni","Liodytes_alleni",TRUE,1082133,FALSE,"",1
"Regina_grahami","Regina_grahamii",TRUE,505611,FALSE,"",2
"Regina_septemvittata","Regina_septemvittata",TRUE,505615,FALSE,"",1
"Remora_brachyptera","Remora_brachyptera",TRUE,204925,FALSE,"",1
"Remora_osteochir","Remora_osteochir",TRUE,1047853,FALSE,"",1
"Remora_remora","Remora_remora",TRUE,114802,FALSE,"",1
"Remorina_albenscens","Remorina_albescens",TRUE,204911,FALSE,"",2
"Retropinna_semoni","Retropinna_semoni",TRUE,37102,FALSE,"",2
"Rhamdia","Rhamdia",FALSE,218153,FALSE,"",1
"Rhamdia_guatemalensis","Rhamdia_guatemalensis",TRUE,195322,FALSE,"",1
"Rhamphichthys_marmoratus","Rhamphichthys_marmoratus",TRUE,444,FALSE,"",1
"Rhincodon_typus","Rhincodon_typus",TRUE,214509,FALSE,"",3
"Rhinella_hoogmoedi","Rhinella_hoogmoedi",TRUE,777275,FALSE,"",1
"Rhynchoedura_ornata","Rhynchoedura_ornata",TRUE,495356,FALSE,"",1
"Rissa_tridactyla","Rissa_tridactyla",TRUE,585161,FALSE,"",1
"Rivulus_isthmensis","Cynodonichthys_isthmensis",TRUE,684063,FALSE,"",1
"Roeboides_dayi","Roeboides_dayi",TRUE,482072,FALSE,"",1
"Roeboides_guatemalensis","Roeboides_guatemalensis",TRUE,482068,FALSE,"",1
"Sagitta_bipunctata","Sagitta_bipunctata",TRUE,778688,FALSE,"",1
"Sagitta_elegans","Sagitta_elegans",TRUE,49627,FALSE,"",2
"Sagitta_enflata","Sagitta_enflata",TRUE,273695,FALSE,"",2
"Sagitta_friderici","Parasagitta_friderici",TRUE,3660498,FALSE,"",1
"Sagitta_gazellae","Sagitta_gazellae",TRUE,476665,FALSE,"",2
"Sagitta_serratodentata","Sagitta_serratodentata",TRUE,476667,FALSE,"",2
"Sagitta_setosa","Sagitta_setosa",TRUE,476668,FALSE,"",2
"Salamandra_corsica","Salamandra_corsica",TRUE,958220,FALSE,"",1
"Salamandra_lanzai","Salamandra_lanzai",TRUE,873622,FALSE,"",1
"Salamandrina_perspicillata","Salamandrina_perspicillata",TRUE,254332,FALSE,"",1
"Sargochromis_carlottae","Sargochromis_carlottae",TRUE,465681,FALSE,"",2
"Sargochromis_codringtonii","Sargochromis_codringtonii",TRUE,465685,FALSE,"",2
"Sargochromis_giardi","Sargochromis_giardi",TRUE,1063570,FALSE,"",2
"Satanoperca_daemon","Satanoperca_daemon",TRUE,1044199,FALSE,"",1
"Sceloporus_magister","Sceloporus_magister",TRUE,342583,FALSE,"",1
"Schilbe_mystus","Schilbe_mystus",TRUE,1016850,FALSE,"",3
"Schoutedenella_xenodactyloides","Arthroleptis_xenodactyloides",TRUE,107609,FALSE,"",1
"Sciaenops_ocellatus","Sciaenops_ocellatus",TRUE,433079,FALSE,"",2
"Scomber_scombrus","Scomber_scombrus",TRUE,70561,FALSE,"",1
"Scopelogadus_mizolepis","Scopelogadus_mizolepis",TRUE,960323,FALSE,"",1
"Scyliorhinus_canicula","Scyliorhinus_canicula",TRUE,1026500,FALSE,"",3
"Scytodes_longipes","Scytodes_longipes",TRUE,3541723,FALSE,"",1
"Searlesia_dira","Lirabuccinum_dirum",TRUE,396109,FALSE,"",1
"Semotilus_corporalis","Semotilus_corporalis",TRUE,964884,FALSE,"",1
"Sepia_officinalis","Sepia_officinalis",TRUE,528817,FALSE,"",1
"Serrabrycon_magoi","Serrabrycon_magoi",TRUE,3625983,FALSE,"",1
"Serranochromis_altus","Serranochromis_altus",TRUE,516047,FALSE,"",2
"Serranochromis_angusticeps","Serranochromis_angusticeps",TRUE,465664,FALSE,"",2
"Serranochromis_macrocephalus","Serranochromis_macrocephalus",TRUE,465668,FALSE,"",2
"Serranochromis_robustus","Serranochromis_robustus",TRUE,841786,FALSE,"",3
"Serrapinuus","Serrapinnus",TRUE,641495,FALSE,"",2
"Serrapinuus_notomelas","Serrapinnus_notomelas",TRUE,199867,FALSE,"",1
"Serrasalmus_irritans","Serrasalmus_irritans",TRUE,412298,FALSE,"",3
"Serrasalmus_manueli","Serrasalmus_manueli",TRUE,681000,FALSE,"",1
"Serrasalmus_rhombeus","Serrasalmus_rhombeus",TRUE,382210,FALSE,"",1
"Serrivomer_sector","Serrivomer_sector",TRUE,398735,FALSE,"",1
"Solaster_dawsoni","Solaster_dawsoni",TRUE,258318,FALSE,"",1
"Solaster_endeca","Solaster_endeca",TRUE,24894,FALSE,"",1
"Solaster_stimpsoni","Solaster_stimpsoni",TRUE,977088,FALSE,"",1
"Solea_senegalensis","Solea_senegalensis",TRUE,366998,FALSE,"",2
"Somateria_mollissima","Somateria_mollissima",TRUE,785961,FALSE,"",2
"Spea_multiplicata","Spea_multiplicata",TRUE,1013104,FALSE,"",1
"Sprattus_sprattus","Sprattus_sprattus",TRUE,25768,FALSE,"",2
"Stenobrachius_leucopsarus","Stenobrachius_leucopsarus",TRUE,169233,FALSE,"",1
"Stenobrachius_nannochir","Stenobrachius_nannochir",TRUE,341485,FALSE,"",1
"Sternoptyx_diaphana","Sternoptyx_diaphana",TRUE,602717,FALSE,"",3
"Sternoptyx_pseudobscura","Sternoptyx_pseudobscura",TRUE,568250,FALSE,"",2
"Stomias_atriventer","Stomias_atriventer",TRUE,47469,FALSE,"",1
"Storeria_dekayi","Storeria_dekayi",TRUE,505605,FALSE,"",1
"Storeria_occipitomaculata","Storeria_occipitomaculata",TRUE,511700,FALSE,"",1
"Stramonita_haemastoma","Stramonita_haemastoma",TRUE,663884,FALSE,"",2
"Strophurus_elderi","Strophurus_elderi",TRUE,756065,FALSE,"",1
"Strophurus_strophurus","Strophurus_strophurus",TRUE,902093,FALSE,"",1
"Stylasterias_forreri","Stylasterias_forreri",TRUE,136031,FALSE,"",1
"Symbolophorus_californiensis","Symbolophorus_californiensis",TRUE,785193,FALSE,"",2
"Synbranchus_marmoratus","Synbranchus_marmoratus",TRUE,989907,FALSE,"",2
"Syngnathus_abaster","Syngnathus_abaster",TRUE,774429,FALSE,"",1
"Syngnathus_acus","Syngnathus_acus",TRUE,774440,FALSE,"",5
"Syngnathus_scovelli","Syngnathus_scovelli",TRUE,251400,FALSE,"",1
"Syngnathus_typhle","Syngnathus_typhle",TRUE,251396,FALSE,"",2
"Synodontis_leopardinus","Synodontis_leopardinus",TRUE,664985,FALSE,"",3
"Synodontis_macrostigma","Synodontis_macrostigma",TRUE,494913,FALSE,"",2
"Synodontis_nigromaculatus","Synodontis_nigromaculata",TRUE,577014,FALSE,"",2
"Synodontis_woosnami","Synodontis_woosnami",TRUE,664997,FALSE,"",1
"Tachypleus_tridentatus","Tachypleus_tridentatus",TRUE,511975,FALSE,"",1
"Tamoya_haplonema","Tamoya_haplonema",TRUE,749475,FALSE,"",1
"Tantilla_coronata","Tantilla_coronata",TRUE,4121423,FALSE,"sibling_higher",1
"Tarletonbeania_crenularis","Tarletonbeania_crenularis",TRUE,692175,FALSE,"",2
"Tenguella_marginalba","Tenguella_marginalba",TRUE,506639,FALSE,"",1
"Thais_clavigera","Reishia_clavigera",TRUE,92194,FALSE,"",1
"Thais_lamellosa","Nucella_lamellosa",TRUE,509217,FALSE,"",1
"Thais_melones","Vasula_melones",TRUE,497228,FALSE,"",1
"Thalassoica_antarctica","Thalassoica_antarctica",TRUE,656580,FALSE,"",1
"Thamnophis_atratus","Thamnophis_atratus",TRUE,681050,FALSE,"",1
"Thamnophis_butleri","Thamnophis_butleri",TRUE,681053,FALSE,"",1
"Thamnophis_cyrtopsis","Thamnophis_cyrtopsis",TRUE,786613,FALSE,"",2
"Thamnophis_elegans","Thamnophis_elegans",TRUE,681054,FALSE,"",1
"Thamnophis_eques","Thamnophis_eques",TRUE,681057,FALSE,"",1
"Thamnophis_ordinoides","Thamnophis_ordinoides",TRUE,631732,FALSE,"",1
"Thamnophis_radix","Thamnophis_radix",TRUE,631806,FALSE,"",1
"Thamnophis_rufipunctatus","Thamnophis_rufipunctatus",TRUE,147044,FALSE,"",1
"Thamnophis_saurita","Thamnophis_saurita",TRUE,147067,FALSE,"",3
"Thamnophis_sirtalis","Thamnophis_sirtalis",TRUE,107027,FALSE,"",1
"Thecadactylus_rapicauda","Thecadactylus_rapicauda",TRUE,597587,FALSE,"",3
"Thoropa_miliaris","Thoropa_miliaris",TRUE,1008742,FALSE,"",1
"Thrissacanthias_penicillatus","Thrissacanthias_penicillatus",TRUE,769826,FALSE,"",1
"Thunnus_albacares","Thunnus_albacares",TRUE,833188,FALSE,"",4
"Thysanoessa_raschi","Thysanoessa_raschii",TRUE,874753,FALSE,"",1
"Tilapia_mariae","Pelmatolapia_mariae",TRUE,910905,FALSE,"",1
"Timon_lepidus","Timon_lepidus",TRUE,430811,FALSE,"",1
"Tomopterna_crytotis","Tomopterna_cryptotis",TRUE,56902,FALSE,"",1
"Torpedo_peruana","Tetronarce_peruana",TRUE,3594641,FALSE,"",1
"Tosia_australis","Tosia_australis",TRUE,485458,FALSE,"sibling_higher",3
"Trachelyopterus_galeatus","Trachelyopterus_galeatus",TRUE,671060,FALSE,"",1
"Trachylepis_quinquetaeniata","Trachylepis_quinquetaeniata",TRUE,1030886,FALSE,"",1
"Trachylepis_spilogaster","Trachylepis_spilogaster",TRUE,38020,FALSE,"",1
"Trachylepis_striata","Trachylepis_striata",TRUE,689449,FALSE,"",3
"Trachylepis_variegata","Trachylepis_variegata",TRUE,52106,FALSE,"",2
"Trematomus_bernacchii","Trematomus_bernacchii",TRUE,985361,FALSE,"",2
"Trematomus_newnesi","Trematomus_newnesi",TRUE,85034,FALSE,"",1
"Trimeresurus_gracilis","Trimeresurus_gracilis",TRUE,450710,FALSE,"",1
"Trinectes_paulistanus","Trinectes_paulistanus",TRUE,153497,FALSE,"",1
"Triphoturus_mexicanus","Triphoturus_mexicanus",TRUE,396853,FALSE,"",1
"Trochia_cingulata","Trochia_cingulata",TRUE,4157681,FALSE,"",1
"Tropidurus_oreadicus","Tropidurus_oreadicus",TRUE,187679,FALSE,"",1
"Tubularia_ralphii","Tubularia_ralphii",TRUE,3681769,FALSE,"",3
"Tursiops_truncatus","Tursiops_truncatus",TRUE,124230,FALSE,"",3
"Uma_scoparia","Uma_scoparia",TRUE,1062444,FALSE,"",1
"Uracentron_flaviceps","Uracentron_flaviceps",TRUE,761858,FALSE,"",3
"Uranoscodon_superciliosus","Uranoscodon_superciliosus",TRUE,32969,FALSE,"",4
"Uria_lomvia","Uria_lomvia",TRUE,551817,FALSE,"",1
"Urocyon_cinereoargenteus","Urocyon_cinereoargenteus",TRUE,685113,FALSE,"",1
"Uromacer_catesbyi","Uromacer_catesbyi",TRUE,736365,FALSE,"",1
"Uromacer_oxyrhynchus","Uromacer_oxyrhynchus",TRUE,579180,FALSE,"",2
"Urosalpinx_cinerea","Urosalpinx_cinerea",TRUE,850826,FALSE,"sibling_higher",2
"Urosaurus_graciosus","Urosaurus_graciosus",TRUE,647096,FALSE,"",1
"Ursus_arctos","Ursus_arctos",TRUE,872567,FALSE,"",1
"Uta_stansburiana","Uta_stansburiana",TRUE,867320,FALSE,"",1
"Valencia_letourneuxi","Valencia_letourneuxi",TRUE,771627,FALSE,"",2
"Varanus_brevicauda","Varanus_brevicauda",TRUE,747037,FALSE,"sibling_higher",3
"Varanus_eremius","Varanus_eremius",TRUE,1024034,FALSE,"sibling_higher",1
"Varanus_gouldi","Varanus_gouldii",TRUE,172908,FALSE,"sibling_higher",2
"Varanus_tristis","Varanus_tristis",TRUE,1082444,FALSE,"sibling_higher",5
"Vulpes_chama","Vulpes_chama",TRUE,821968,FALSE,"",1
"Vulpes_velox","Vulpes_velox",TRUE,297455,FALSE,"",1
"Vulpes_vulpes","Vulpes_vulpes",TRUE,821964,FALSE,"",1
"Xantusia_vigilis","Xantusia_vigilis",TRUE,139521,FALSE,"",1
"Xenagoniates_bondi","Xenagoniates_bondi",TRUE,2702,FALSE,"",1
"Xenopus_borealis","Xenopus_borealis",TRUE,465091,FALSE,"",1
"Xiphias_gladius","Xiphias_gladius",TRUE,358621,FALSE,"",2
"Zachaenus_parvulus","Zachaenus_parvulus",TRUE,272157,FALSE,"",2
"Zapteryx_xyster","Zapteryx_xyster",TRUE,3594603,FALSE,"",1
"Zenaida_asiatica","Zenaida_asiatica",TRUE,715580,FALSE,"",1
"Zenaida_macroura","Zenaida_macroura",TRUE,183576,FALSE,"",2
