"search_string","unique_name","approximate_match","score","ott_id","is_synonym","flags","number_matches"
"abyla trigona","Abyla trigona",FALSE,1,3680594,FALSE,"",1
"acanthephyra acutifrons","Acanthephyra acutifrons",FALSE,1,2974261,FALSE,"sibling_higher",1
"acanthephyra curtirostris","Acanthephyra curtirostris",FALSE,1,563063,FALSE,"sibling_higher",1
"acanthephyra stylorostratis","Acanthephyra stylorostratis",FALSE,1,367600,FALSE,"sibling_higher",1
"acanthinucella punctulata","Acanthinucella punctulata",FALSE,1,294761,FALSE,"",1
"acanthinucella spirata","Acanthinucella spirata",FALSE,1,294762,FALSE,"",1
"acestrorhynchus heterolepis","Acestrorhynchus heterolepis",FALSE,1,512087,FALSE,"",1
"acestrorhynchus minimus","Acestrorhynchus minimus",FALSE,1,512091,FALSE,"",1
"acetes intermedius","Acetes intermedius",FALSE,1,2970917,FALSE,"",1
"achirus lineatus","Achirus lineatus",FALSE,1,153494,FALSE,"",1
"acrochordus arafurae","Acrochordus arafurae",FALSE,1,522482,FALSE,"",1
"acrochordus granulatus","Acrochordus granulatus",FALSE,1,511702,FALSE,"",1
"actinia equina","Actinia equina",FALSE,1,1084476,FALSE,"sibling_higher",1
"adontosternarchus devenanzii","Adontosternarchus devenanzii",FALSE,1,3621581,FALSE,"",1
"aeginura grimaldii","Aeginura grimaldii",FALSE,1,369807,FALSE,"",1
"aelurillus muganicus","Aelurillus concolor",FALSE,1,3547998,TRUE,"",1
"aequidens diadema","Aequidens diadema",FALSE,1,797223,FALSE,"",1
"afronatrix anoscopus","Afronatrix anoscopus",FALSE,1,1074252,FALSE,"",1
"agalma elegans","Agalma elegans",FALSE,1,536352,FALSE,"",1
"agalma okeni","Agalma okeni",FALSE,1,536351,FALSE,"",1
"agama agama","Agama agama",FALSE,1,144931,FALSE,"sibling_higher",1
"agama hispida","Agama hispida",FALSE,1,620401,FALSE,"sibling_higher",2
"agama rueppelli","Agama rueppelli",FALSE,1,568287,FALSE,"sibling_higher",1
"ageneiosus brevifilis","Ageneiosus inermis",FALSE,1,1077781,TRUE,"",1
"agkistrodon contortrix","Agkistrodon contortrix",FALSE,1,27080,FALSE,"",1
"aglantha digitale","Aglantha digitale",FALSE,1,459324,FALSE,"",1
"agonostomus monticola","Agonostomus monticola",FALSE,1,760514,FALSE,"",1
"agonum dorsale","Anchomenus dorsalis",FALSE,1,222324,TRUE,"",1
"alepisaurus ferox","Alepisaurus ferox",FALSE,1,587926,FALSE,"",1
"alfaro cultratus","Alfaro cultratus",FALSE,1,808626,FALSE,"",1
"alitta virens","Alitta virens",FALSE,1,986619,FALSE,"",1
"allantactis parasitica","Allantactis parasitica",FALSE,1,858464,FALSE,"",1
"alle alle","Alle alle",FALSE,1,280899,FALSE,"",1
"alligator mississippiensis","Alligator mississippiensis",FALSE,1,335590,FALSE,"",1
"alloteuthis media","Alloteuthis media",FALSE,1,801587,FALSE,"",1
"alopex lagopus","Vulpes lagopus",FALSE,1,775766,TRUE,"",1
"alopias pelagicus","Alopias pelagicus",FALSE,1,801808,FALSE,"",1
"alopias superciliosus","Alopias superciliosus",FALSE,1,73666,FALSE,"",1
"alopias vulpinus","Alopias vulpinus",FALSE,1,1077204,FALSE,"",1
"alopoglossus angulatus","Alopoglossus angulatus",FALSE,1,545549,FALSE,"",1
"alopoglossus atriventris","Alopoglossus atriventris",FALSE,1,693619,FALSE,"",1
"alosa sapidissima","Alosa sapidissima",FALSE,1,519453,FALSE,"",1
"ambloplites rupestris","Ambloplites rupestris",FALSE,1,280003,FALSE,"",1
"amblyraja georgiana","Amblyraja georgiana",FALSE,1,597622,FALSE,"",1
"amblyraja radiata","Amblyraja radiata",FALSE,1,513579,FALSE,"",1
"ambystoma cingulatum","Ambystoma cingulatum",FALSE,1,412661,FALSE,"",1
"ambystoma rivulare","Ambystoma rivulare",FALSE,1,675687,FALSE,"",1
"ambystoma texanum","Ambystoma texanum",FALSE,1,1092555,FALSE,"",1
"ameiurus melas","Ameiurus melas",FALSE,1,343941,FALSE,"",1
"ameiurus natalis","Ameiurus natalis",FALSE,1,362803,FALSE,"",1
"ameiva ameiva","Ameiva ameiva",FALSE,1,661799,FALSE,"",1
"ameiva festiva","Holcosus festivus",FALSE,1,153490,TRUE,"",1
"amia calva","Amia calva",FALSE,1,329623,FALSE,"",1
"amietia angolensis","Amietia angolensis",FALSE,1,72654,FALSE,"",1
"amietophrynus garmani","Sclerophrys garmani",FALSE,1,405552,TRUE,"",1
"amphilophus citrinellus","Amphilophus citrinellus",FALSE,1,358037,FALSE,"sibling_higher",1
"amphinemura","Amphinemura",FALSE,1,425303,FALSE,"",1
"amphiura chiajei","Amphiura chiajei",FALSE,1,269274,FALSE,"sibling_higher",1
"amphiura filiformis","Amphiura filiformis",FALSE,1,269275,FALSE,"sibling_higher",1
"anarhichas lupus","Anarhichas lupus",FALSE,1,258651,FALSE,"",1
"anasterias antarctica","Anasterias antarctica",FALSE,1,904273,FALSE,"",1
"anaxyrus debilis","Anaxyrus debilis",FALSE,1,436339,FALSE,"",1
"anaxyrus punctatus","Anaxyrus punctatus",FALSE,1,931362,FALSE,"",1
"anchoa mitchilli","Anchoa mitchilli",FALSE,1,681352,FALSE,"",1
"andinobates minutus","Andinobates minutus",FALSE,1,947666,FALSE,"",1
"aneides ferreus","Aneides ferreus",FALSE,1,459361,FALSE,"",1
"aneides flavipunctatus","Aneides flavipunctatus",FALSE,1,459362,FALSE,"",1
"aneides lugubris","Aneides lugubris",FALSE,1,64142,FALSE,"",1
"anemonia viridis","Anemonia viridis",FALSE,1,214124,FALSE,"",1
"anguilla anguilla","Anguilla anguilla",FALSE,1,854201,FALSE,"",1
"anolis capito","Anolis capito",FALSE,1,494015,FALSE,"",1
"anolis chrysolepis","Anolis chrysolepis",FALSE,1,901110,FALSE,"",3
"anolis fuscoauratus","Anolis fuscoauratus",FALSE,1,653137,FALSE,"",1
"anolis humilis","Anolis humilis",FALSE,1,967569,FALSE,"",1
"anolis limifrons","Anolis limifrons",FALSE,1,245842,FALSE,"",4
"anolis oxylophus","Anolis oxylophus",FALSE,1,853245,FALSE,"",1
"anolis punctatus","Anolis punctatus",FALSE,1,973783,FALSE,"",1
"anolis scypheus","Anolis scypheus",FALSE,1,6157172,FALSE,"",1
"anolis tandai","Anolis tandai",FALSE,1,5852450,FALSE,"",1
"anolis trachyderma","Anolis trachyderma",FALSE,1,196312,FALSE,"",1
"anthomastus bathyproctus","Anthomastus bathyproctus",FALSE,1,3679052,FALSE,"",1
"anthopleura nigrescens","Anthopleura nigrescens",FALSE,1,486995,FALSE,"sibling_higher",1
"aphanius farsicus","Aphanius farsicus",FALSE,1,818337,FALSE,"",1
"aphanius fasciatus","Aphanius fasciatus",FALSE,1,763270,FALSE,"",1
"aphyocharax erythrurus","Aphyocharax erythrurus",FALSE,1,3624943,FALSE,"",1
"apistogramma","Apistogramma",FALSE,1,533599,FALSE,"",1
"apistogramma hoignei","Apistogramma hoignei",FALSE,1,467398,FALSE,"",1
"aplocheilichthys johnstoni","Micropanchax johnstoni",FALSE,1,3641893,TRUE,"",1
"aplodinotus grunniens","Aplodinotus grunniens",FALSE,1,691811,FALSE,"",1
"apolemia uvaria","Apolemia uvaria",FALSE,1,1059331,FALSE,"",1
"apristurus aphyodes","Apristurus aphyodes",FALSE,1,303072,FALSE,"",1
"apristurus laurussonii","Apristurus laurussonii",FALSE,1,303074,FALSE,"",1
"apsilochorema sutshanum","Apsilochorema sutshanum",FALSE,1,3018985,FALSE,"",1
"archaeomysis japonica","Archaeomysis japonica",FALSE,1,683221,FALSE,"",1
"archaeomysis kokuboi","Archaeomysis kokuboi",FALSE,1,683222,FALSE,"",1
"architeuthis dux","Architeuthis dux",FALSE,1,251385,FALSE,"",1
"archocentrus centrarchus","Archocentrus centrarchus",FALSE,1,245402,FALSE,"",1
"arctocephalus australis","Arctocephalus australis",FALSE,1,796568,FALSE,"",2
"arctocephalus tropicalis","Arctocephalus tropicalis",FALSE,1,336151,FALSE,"",1
"arctogadus glacialis","Arctogadus glacialis",FALSE,1,1014041,FALSE,"",1
"argentina silus","Argentina silus",FALSE,1,744414,FALSE,"",1
"argentina sphyraena","Argentina sphyraena",FALSE,1,403940,FALSE,"",1
"argyropelecus lychnus","Argyropelecus lychnus",FALSE,1,462614,FALSE,"",1
"ariopsis felis","Ariopsis felis",FALSE,1,139650,FALSE,"",1
"artedidraco lonnbergi","Artedidraco lonnbergi",FALSE,1,816890,FALSE,"",2
"artedidraco orianae","Artedidraco orianae",FALSE,1,871232,FALSE,"",1
"artedidraco skottsbergi","Artedidraco skottsbergi",FALSE,1,268814,FALSE,"",1
"arthrosaura reticulata","Arthrosaura reticulata",FALSE,1,170675,FALSE,"",1
"aspidoscelis tigris","Aspidoscelis tigris",FALSE,1,690595,FALSE,"",1
"aspius aspius","Aspius aspius",FALSE,1,963424,FALSE,"",1
"astatheros alfari","Cribroheros alfari",FALSE,1,775035,TRUE,"",1
"asterias rubens","Asterias rubens",FALSE,1,721252,FALSE,"",4
"astronotus ocellatus","Astronotus ocellatus",FALSE,1,952936,FALSE,"",1
"astropecten aranciacus","Astropecten aranciacus",FALSE,1,91274,FALSE,"",1
"astropecten articulatus","Astropecten articulatus",FALSE,1,258316,FALSE,"",1
"astropecten indicus","Astropecten indicus",FALSE,1,443981,FALSE,"",1
"astropecten irregularis","Astropecten irregularis",FALSE,1,269238,FALSE,"",1
"astropecten platyacanthus","Astropecten platyacanthus",FALSE,1,964772,FALSE,"",2
"astropecten scoparius","Astropecten scoparius",FALSE,1,964776,FALSE,"",1
"astrostole scabra","Astrostole scabra",FALSE,1,1045256,FALSE,"",1
"astrotoma agassizii","Astrotoma agassizii",FALSE,1,19793,FALSE,"",1
"astyanax zonatus","Jupiaba zonata",FALSE,1,3625542,TRUE,"incertae_sedis_inherited",1
"atherina boyeri","Atherina boyeri",FALSE,1,415774,FALSE,"sibling_higher",1
"atherinella hubbsi","Atherinella hubbsi",FALSE,1,680147,FALSE,"",1
"athorybia rosacea","Athorybia rosacea",FALSE,1,15314,FALSE,"",2
"atlantoraja cyclophora","Atlantoraja cyclophora",FALSE,1,781240,FALSE,"",1
"atractosteus spatula","Atractosteus spatula",FALSE,1,904117,FALSE,"",1
"aurelia aurita","Aurelia aurita",FALSE,1,404481,FALSE,"",1
"aurelia limbata","Aurelia limbata",FALSE,1,408842,FALSE,"",1
"aythya affinis","Aythya affinis",FALSE,1,1044556,FALSE,"",1
"aythya americana","Aythya americana",FALSE,1,693332,FALSE,"",1
"aythya ferina","Aythya ferina",FALSE,1,817989,FALSE,"",1
"aythya marila","Aythya marila",FALSE,1,1044561,FALSE,"",1
"aythya valisineria","Aythya valisineria",FALSE,1,832938,FALSE,"",1
"bairdiella chrysoura","Bairdiella chrysoura",FALSE,1,761907,FALSE,"",1
"balaena mysticetus","Balaena mysticetus",FALSE,1,397231,FALSE,"",1
"balaenoptera acutorostrata","Balaenoptera acutorostrata",FALSE,1,800317,FALSE,"",1
"barbus paludinosus","Enteromius paludinosus",FALSE,1,446410,TRUE,"",1
"barbus strumicae","Barbus strumicae",FALSE,1,441746,FALSE,"",1
"bassia bassensis","Bassia bassensis",FALSE,1,610171,FALSE,"",1
"bathylagidae","Bathylagidae",FALSE,1,562637,FALSE,"",1
"batrachoseps attenuatus","Batrachoseps attenuatus",FALSE,1,57755,FALSE,"",1
"bdeogale nigripes","Bdeogale nigripes",FALSE,1,670218,FALSE,"",1
"belone belone","Belone belone",FALSE,1,6991,FALSE,"",1
"belonesox belizanus","Belonesox belizanus",FALSE,1,913297,FALSE,"",1
"bembidion lampros","Bembidion lampros",FALSE,1,349492,FALSE,"",1
"benthalbella dentata","Benthalbella dentata",FALSE,1,1095245,FALSE,"",1
"bentheogennema intermedia","Bentheogennema intermedia",FALSE,1,588781,FALSE,"",1
"blackfordia virginica","Blackfordia virginica",FALSE,1,766639,FALSE,"",1
"blarinomys breviceps","Blarinomys breviceps",FALSE,1,196745,FALSE,"",1
"bolinopsis infundibulum","Bolinopsis infundibulum",FALSE,1,626461,FALSE,"",1
"bolitoglossa mexicana","Bolitoglossa mexicana",FALSE,1,391973,FALSE,"",1
"bolitoglossa pandi","Bolitoglossa pandi",FALSE,1,3620559,FALSE,"sibling_higher",1
"bolitoglossa rufescens","Bolitoglossa rufescens",FALSE,1,999154,FALSE,"",1
"bombina variegata","Bombina variegata",FALSE,1,991539,FALSE,"",1
"boreogadus saida","Boreogadus saida",FALSE,1,877055,FALSE,"",1
"boulengerella cuvieri","Boulengerella cuvieri",FALSE,1,3625788,FALSE,"",1
"boulengerella lucius","Boulengerella lucius",FALSE,1,3625790,FALSE,"",1
"boulengerula taitanus","Boulengerula taitana",FALSE,1,42297,TRUE,"",1
"boyeria maclachlani","Boyeria maclachlani",FALSE,1,127705,FALSE,"",1
"brachyhypopomus occidentalis","Brachyhypopomus occidentalis",FALSE,1,349822,FALSE,"",1
"brachyrhaphis parismina","Brachyrhaphis parismina",FALSE,1,779448,FALSE,"",1
"brama caribbea","Brama caribbea",FALSE,1,3634821,FALSE,"",1
"brisingella coronata","Hymenodiscus coronata",FALSE,1,3657315,TRUE,"",1
"bucephala albeola","Bucephala albeola",FALSE,1,654820,FALSE,"",1
"bucephala clangula","Bucephala clangula",FALSE,1,166683,FALSE,"",1
"bucephala islandica","Bucephala islandica",FALSE,1,780952,FALSE,"",1
"bufo bufo","Bufo bufo",FALSE,1,889350,FALSE,"",1
"bufo gargarizans","Bufo gargarizans",FALSE,1,279549,FALSE,"",1
"bufo japonicus","Bufo japonicus",FALSE,1,889333,FALSE,"",1
"bufo marinus","Rhinella marina",FALSE,1,889340,TRUE,"",1
"bunocephalus","Bunocephalus",FALSE,1,536093,FALSE,"sibling_higher",1
"burnupena lagenaria","Burnupena lagenaria",FALSE,1,2900691,FALSE,"",1
"caecilia gracilis","Caecilia gracilis",FALSE,1,3617882,FALSE,"",1
"caimanops amphiboluroides","Diporiphora amphiboluroides",FALSE,1,1064144,TRUE,"",1
"calidris alpina","Calidris alpina",FALSE,1,887705,FALSE,"sibling_higher",1
"calidris minuta","Calidris minuta",FALSE,1,271793,FALSE,"sibling_higher",1
"callianira antarctica","Callianira antarctica",FALSE,1,3684104,FALSE,"",1
"callinectes sapidus","Callinectes sapidus",FALSE,1,182906,FALSE,"",1
"callinectes similis","Callinectes similis",FALSE,1,454975,FALSE,"",1
"callisaurus draconoides","Callisaurus draconoides",FALSE,1,819154,FALSE,"",1
"calopteryx cornelia","Calopteryx cornelia",FALSE,1,797866,FALSE,"",1
"cambarincola chirocephalus","Cambarincola chirocephalus",FALSE,1,177815,FALSE,"",1
"cambarincola vitreus","Cambarincola vitreus",FALSE,1,111931,FALSE,"",1
"cancer borealis","Cancer borealis",FALSE,1,608773,FALSE,"sibling_higher",1
"cancer irroratus","Cancer irroratus",FALSE,1,706439,FALSE,"sibling_higher",2
"cancer polyodon","Romaleon setosum",FALSE,1,338358,TRUE,"",1
"canis latrans","Canis latrans",FALSE,1,247331,FALSE,"",1
"canis lupus","Canis lupus",FALSE,1,247341,FALSE,"",1
"canis mesomelas","Canis mesomelas",FALSE,1,666235,FALSE,"",1
"caperea marginata","Caperea marginata",FALSE,1,397243,FALSE,"",1
"caquetaia kraussii","Caquetaia kraussii",FALSE,1,870660,FALSE,"",1
"carangoides gymnostethus","Carangoides gymnostethus",FALSE,1,201312,FALSE,"",1
"carcharhinus falciformis","Carcharhinus falciformis",FALSE,1,787198,FALSE,"",1
"carcharhinus leucas","Carcharhinus leucas",FALSE,1,343172,FALSE,"",1
"carcharhinus obscurus","Carcharhinus obscurus",FALSE,1,400238,FALSE,"",1
"carcharhinus plumbeus","Carcharhinus plumbeus",FALSE,1,400246,FALSE,"",1
"carcharias taurus","Carcharias taurus",FALSE,1,331725,FALSE,"",1
"carcinoscorpius rotundicauda","Carcinoscorpius rotundicauda",FALSE,1,1089003,FALSE,"",1
"carcinus maenas","Carcinus maenas",FALSE,1,1089892,FALSE,"",1
"caroperla","Caroperla",FALSE,1,881495,FALSE,"",1
"carparachne aureoflava","Carparachne aureoflava",FALSE,1,3551656,FALSE,"",1
"carphophis amoenus","Carphophis amoenus",FALSE,1,642555,FALSE,"",1
"catoprion mento","Catoprion mento",FALSE,1,597343,FALSE,"",1
"catostomus discobolus","Catostomus discobolus",FALSE,1,271226,FALSE,"",1
"cemophora coccinea","Cemophora coccinea",FALSE,1,1032598,FALSE,"",1
"centromochlus meridionalis","Ferrarissoaresia meridionalis",FALSE,1,6141844,TRUE,"",1
"centrophorus squamosus","Centrophorus squamosus",FALSE,1,449785,FALSE,"",1
"centropomus pectinatus","Centropomus pectinatus",FALSE,1,800712,FALSE,"incertae_sedis_inherited",1
"centroscyllium fabricii","Centroscyllium fabricii",FALSE,1,1027221,FALSE,"",1
"centroscymnus coelolepis","Centroscymnus coelolepis",FALSE,1,304656,FALSE,"",1
"centroselachus crepidater","Centroselachus crepidater",FALSE,1,449809,FALSE,"",1
"cepphus grylle","Cepphus grylle",FALSE,1,280901,FALSE,"",1
"ceratoscopelus townsendi","Ceratoscopelus townsendi",FALSE,1,462626,FALSE,"",1
"ceratoscopelus warmingii","Ceratoscopelus warmingii",FALSE,1,866187,FALSE,"",1
"cercosaura eigenmanni","Cercosaura eigenmanni",FALSE,1,967621,FALSE,"",1
"cercosaura ocellata","Cercosaura ocellata",FALSE,1,846829,FALSE,"",1
"cereus pedunculatus","Cereus pedunculatus",FALSE,1,1042322,FALSE,"",1
"ceriantheopsis americanus","Ceriantheopsis americana",FALSE,1,444331,TRUE,"",1
"chacophrys pierottii","Chacophrys pierottii",FALSE,1,431938,FALSE,"",1
"chaenobryttus gulosus","Chaenobryttus gulosus",FALSE,1,476359,FALSE,"",1
"chamaeleo gracilis","Chamaeleo gracilis",FALSE,1,824513,FALSE,"",1
"champsocephalus gunnari","Champsocephalus gunnari",FALSE,1,684007,FALSE,"",1
"characidium","Characidium",FALSE,1,128231,FALSE,"",1
"charax condei","Charax condei",FALSE,1,3624842,FALSE,"",1
"charax gibbosus","Charax gibbosus",FALSE,1,3624849,FALSE,"",1
"charybdis hellerii","Charybdis hellerii",FALSE,1,506133,FALSE,"",1
"chauliodus macouni","Chauliodus macouni",FALSE,1,76509,FALSE,"",1
"cheirodontops geayi","Cheirodontops geayi",FALSE,1,3625898,FALSE,"",1
"chelophyes appendiculata","Chelophyes appendiculata",FALSE,1,338564,FALSE,"",1
"chendol keelini","Chendol keelini",FALSE,1,3640961,FALSE,"",1
"cheumatopsyche galloisi","Cheumatopsyche galloisi",FALSE,1,3024959,FALSE,"",1
"chionoecetes bairdi","Chionoecetes bairdi",FALSE,1,956514,FALSE,"",1
"chionoecetes opilio","Chionoecetes opilio",FALSE,1,604254,FALSE,"",1
"chiropsalmus quadrumanus","Chiropsalmus quadrumanus",FALSE,1,894962,FALSE,"",1
"chondrodactylus angulifer","Chondrodactylus angulifer",FALSE,1,203962,FALSE,"",1
"chromis chrysura","Chromis chrysura",FALSE,1,477758,FALSE,"incertae_sedis_inherited",1
"chrysaora melanaster","Chrysaora melanaster",FALSE,1,883634,FALSE,"",1
"chrysaora quinquecirrha","Chrysaora quinquecirrha",FALSE,1,404507,FALSE,"",1
"cichla intermedia","Cichla intermedia",FALSE,1,467391,FALSE,"",1
"cichla orinocensis","Cichla orinocensis",FALSE,1,889122,FALSE,"",1
"cichla temensis","Cichla temensis",FALSE,1,936817,FALSE,"",1
"cinclus mexicanus","Cinclus mexicanus",FALSE,1,606627,FALSE,"",1
"cincticostella elongatula","Cincticostella elongatula",FALSE,1,1032893,FALSE,"",1
"cincticostella nigra","Cincticostella nigra",FALSE,1,3046,FALSE,"",1
"citharichthys spilopterus","Citharichthys spilopterus",FALSE,1,908921,FALSE,"",1
"clangula hyemalis","Clangula hyemalis",FALSE,1,316879,FALSE,"",1
"clarias gariepinus","Clarias gariepinus",FALSE,1,240811,FALSE,"",1
"clarias ngamensis","Clarias ngamensis",FALSE,1,1094712,FALSE,"",1
"clarias theodorae","Clarias theodorae",FALSE,1,370864,FALSE,"",1
"clavularia frankliniana","Clavularia frankliniana",FALSE,1,3679821,FALSE,"sibling_higher",1
"clupea harengus","Clupea harengus",FALSE,1,1005932,FALSE,"",1
"clupisoma naziri","Clupisoma naziri",FALSE,1,3621829,FALSE,"",1
"cnemidophorus lemniscatus","Cnemidophorus lemniscatus",FALSE,1,164960,FALSE,"",2
"cnemidophorus sexlineatus","Aspidoscelis sexlineatus",FALSE,1,164955,TRUE,"",1
"coleodactylus amazonicus","Chatogekko amazonicus",FALSE,1,126724,TRUE,"",1
"coleodactylus natalensis","Coleodactylus natalensis",FALSE,1,126736,FALSE,"",1
"coleodactylus septentrionalis","Coleodactylus septentrionalis",FALSE,1,700787,FALSE,"",1
"coleonyx variegatus","Coleonyx variegatus",FALSE,1,677271,FALSE,"",1
"colopus wahlbergii","Pachydactylus wahlbergii",FALSE,1,203966,TRUE,"",1
"coluber constrictor","Coluber constrictor",FALSE,1,405963,FALSE,"",1
"conger conger","Conger conger",FALSE,1,142596,FALSE,"",1
"copella metae","Copella metae",FALSE,1,3624436,FALSE,"",1
"cordagalma cordiformis","Cordagalma ordinatum",FALSE,1,15308,TRUE,"",1
"coregonus ussuriensis","Coregonus ussuriensis",FALSE,1,636558,FALSE,"",1
"corydalus cornutus","Corydalus cornutus",FALSE,1,654841,FALSE,"",1
"corydoras","Corydoras",FALSE,1,628705,FALSE,"",1
"corydoras aeneus","Corydoras aeneus",FALSE,1,841718,FALSE,"",1
"corynopoma riisei","Corynopoma riisei",FALSE,1,855287,FALSE,"",1
"coryphaena hippurus","Coryphaena hippurus",FALSE,1,223663,FALSE,"",1
"coscinasterias calamaria","Coscinasterias calamaria",FALSE,1,173128,FALSE,"sibling_higher",2
"cosmasterias lurida","Cosmasterias lurida",FALSE,1,1059203,FALSE,"",1
"coturnicops noveboracensis","Coturnicops noveboracensis",FALSE,1,242758,FALSE,"",1
"crangon crangon","Crangon crangon",FALSE,1,497498,FALSE,"sibling_higher",1
"craspedacusta sowerbii","Craspedacusta sowerbii",FALSE,1,127047,FALSE,"",1
"creagrutus guanes","Creagrutus guanes",FALSE,1,3625059,FALSE,"",1
"crenicichla","Crenicichla",FALSE,1,952959,FALSE,"",1
"crenicichla geayi","Crenicichla geayi",FALSE,1,159978,FALSE,"",1
"crenicichla saxatilis","Crenicichla saxatilis",FALSE,1,952962,FALSE,"",1
"crocodylus niloticus","Crocodylus niloticus",FALSE,1,35864,FALSE,"",1
"crocuta crocuta","Crocuta crocuta",FALSE,1,397157,FALSE,"",1
"crossaster papposus","Crossaster papposus",FALSE,1,912244,FALSE,"",1
"crossodactylus schmidti","Crossodactylus schmidti",FALSE,1,622244,FALSE,"",1
"crotalus horridus","Crotalus horridus",FALSE,1,628544,FALSE,"",1
"crotalus lutosus","Crotalus oreganus lutosus",FALSE,1,875958,TRUE,"infraspecific",1
"crotalus oreganus","Crotalus oreganus",FALSE,1,875963,FALSE,"",2
"crotaphytus collaris","Crotaphytus collaris",FALSE,1,244476,FALSE,"",2
"cryptoblepharus plagiocephalus","Cryptoblepharus plagiocephalus",FALSE,1,4123649,FALSE,"",2
"cryptoperla japonica","Cryptoperla japonica",FALSE,1,960755,FALSE,"",1
"ctenogobius pseudofasciatus","Ctenogobius pseudofasciatus",FALSE,1,3637104,FALSE,"",1
"ctenophorus caudicinctus","Ctenophorus caudicinctus",FALSE,1,605925,FALSE,"",1
"ctenophorus clayi","Ctenophorus clayi",FALSE,1,605926,FALSE,"",1
"ctenophorus fordi","Ctenophorus fordi",FALSE,1,605921,FALSE,"",1
"ctenophorus isolepis","Ctenophorus isolepis",FALSE,1,32624,FALSE,"",1
"ctenophorus nuchalis","Ctenophorus nuchalis",FALSE,1,1090806,FALSE,"",1
"ctenophorus reticulatus","Ctenophorus reticulatus",FALSE,1,745489,FALSE,"",1
"ctenophorus scutulatus","Ctenophorus scutulatus",FALSE,1,745485,FALSE,"",1
"ctenotus ariadnae","Ctenotus ariadnae",FALSE,1,908651,FALSE,"",1
"ctenotus atlas","Ctenotus atlas",FALSE,1,284183,FALSE,"",1
"ctenotus brooksi","Ctenotus brooksi",FALSE,1,284181,FALSE,"",1
"ctenotus calurus","Ctenotus calurus",FALSE,1,284178,FALSE,"",1
"ctenotus colletti","Ctenotus colletti",FALSE,1,4123858,FALSE,"",2
"ctenotus dux","Ctenotus dux",FALSE,1,858952,FALSE,"",1
"ctenotus grandis","Ctenotus grandis",FALSE,1,233734,FALSE,"",1
"ctenotus helenae","Ctenotus helenae",FALSE,1,233738,FALSE,"",1
"ctenotus leonhardii","Ctenotus leonhardii",FALSE,1,730560,FALSE,"",1
"ctenotus pantherinus","Ctenotus pantherinus",FALSE,1,730561,FALSE,"",1
"ctenotus piankai","Ctenotus piankai",FALSE,1,182769,FALSE,"",1
"ctenotus quattuordecimlineatus","Ctenotus quattuordecimlineatus",FALSE,1,182765,FALSE,"",1
"ctenotus schomburgkii","Ctenotus schomburgkii",FALSE,1,756937,FALSE,"",1
"cyanea","Cyanea (genus in Opisthokonta)",FALSE,1,152136,FALSE,"",1
"cyanea capillata","Cyanea capillata",FALSE,1,178412,FALSE,"",1
"cycloramphus brasiliensis","Cycloramphus brasiliensis",FALSE,1,3620314,FALSE,"",1
"cyclothone acclinidens","Cyclothone acclinidens",FALSE,1,127375,FALSE,"",1
"cyclothone obscura","Cyclothone obscura",FALSE,1,127398,FALSE,"",1
"cyclothone pallida","Cyclothone pallida",FALSE,1,127395,FALSE,"",1
"cyclothone signata","Cyclothone signata",FALSE,1,648946,FALSE,"",1
"cygnodraco mawsoni","Cygnodraco mawsoni",FALSE,1,781799,FALSE,"",1
"cynopoecilus fulgens","Cynopoecilus fulgens",FALSE,1,3641476,FALSE,"",1
"cynops pyrrhogaster","Cynops pyrrhogaster",FALSE,1,515334,FALSE,"",1
"cynoscion arenarius","Cynoscion arenarius",FALSE,1,854147,FALSE,"",1
"cynoscion nebulosus","Cynoscion nebulosus",FALSE,1,186252,FALSE,"",1
"cyprinella lutrensis","Cyprinella lutrensis",FALSE,1,351753,FALSE,"",1
"cyprinodon variegatus","Cyprinodon variegatus",FALSE,1,82335,FALSE,"",1
"cyprinus carpio","Cyprinus carpio",FALSE,1,429083,FALSE,"",1
"cyrba algerina","Cyrba algerina",FALSE,1,93776,FALSE,"",1
"dasyatis lata","Dasyatis lata",FALSE,1,917251,FALSE,"sibling_higher",1
"davidius fujiama","Davidius fujiama",FALSE,1,838330,FALSE,"",1
"davidius moiwanus","Davidius moiwanus",FALSE,1,838320,FALSE,"",1
"deania calceus","Deania calcea",FALSE,1,449777,TRUE,"",1
"delma butleri","Delma butleri",FALSE,1,886641,FALSE,"",1
"delphinus delphis","Delphinus delphis",FALSE,1,698438,FALSE,"sibling_higher",1
"dendropsophus branneri","Dendropsophus branneri",FALSE,1,399295,FALSE,"",1
"dendropsophus nanus","Dendropsophus nanus",FALSE,1,499883,FALSE,"",1
"dendropsophus sanborni","Dendropsophus sanborni",FALSE,1,610586,FALSE,"",1
"dentiraja australis","Dipturus australis",FALSE,1,399883,TRUE,"",1
"dermasterias imbricata","Dermasterias imbricata",FALSE,1,977099,FALSE,"",1
"desmognathus monticola","Desmognathus monticola",FALSE,1,964102,FALSE,"",1
"desmognathus welteri","Desmognathus welteri",FALSE,1,893908,FALSE,"",1
"diadophis punctatus","Diadophis punctatus",FALSE,1,324337,FALSE,"",1
"diaphus","Diaphus",FALSE,1,640414,FALSE,"sibling_higher",1
"diaphus brachycephalus","Diaphus brachycephalus",FALSE,1,509814,FALSE,"",1
"diaphus coeruleus","Diaphus coeruleus",FALSE,1,3629465,FALSE,"",1
"diaphus danae","Diaphus danae",FALSE,1,3629427,FALSE,"",1
"diaphus knappi","Diaphus knappi",FALSE,1,3629451,FALSE,"",1
"diaphus metopoclampus","Diaphus metopoclampus",FALSE,1,679199,FALSE,"",1
"diaphus theta","Diaphus theta",FALSE,1,169217,FALSE,"",1
"dicamptodon tenebrosus","Dicamptodon tenebrosus",FALSE,1,445407,FALSE,"",1
"dicentrarchus labrax","Dicentrarchus labrax",FALSE,1,3549,FALSE,"",1
"diogenichthys laternatus","Diogenichthys laternatus",FALSE,1,234117,FALSE,"",1
"diphyes dispar","Diphyes dispar",FALSE,1,15310,FALSE,"",1
"diplodactylus ciliaris","Strophurus ciliaris",FALSE,1,432768,TRUE,"",1
"diplodactylus conspicillatus","Diplodactylus conspicillatus",FALSE,1,256957,FALSE,"",1
"diplodactylus pulcher","Diplodactylus pulcher",FALSE,1,256958,FALSE,"",1
"diporiphora winneckei","Diporiphora winneckei",FALSE,1,1038059,FALSE,"",1
"dipturus batis","Dipturus batis",FALSE,1,881959,FALSE,"",1
"discoglossus montalentii","Discoglossus montalentii",FALSE,1,233448,FALSE,"",1
"discoglossus sardus","Discoglossus sardus",FALSE,1,233470,FALSE,"",1
"dissostichus eleginoides","Dissostichus eleginoides",FALSE,1,1040385,FALSE,"",1
"dolophilodes commata","Dolophilodes commata",FALSE,1,3022450,FALSE,"sibling_higher",1
"dosidicus gigas","Dosidicus gigas",FALSE,1,125334,FALSE,"",1
"drunella basalis","Drunella basalis",FALSE,1,5013681,FALSE,"",1
"drunella ishiyamana","Drunella ishiyamana",FALSE,1,506929,FALSE,"",1
"drunella sachalinensis","Drunella sachalinensis",FALSE,1,5013684,FALSE,"",1
"drunella trispina","Drunella trispina",FALSE,1,506931,FALSE,"",1
"dytaster grandis","Dytaster grandis",FALSE,1,3656994,FALSE,"",1
"echeneis naucrates","Echeneis naucrates",FALSE,1,776562,FALSE,"",1
"egernia inornata","Liopholis inornata",FALSE,1,892819,TRUE,"",1
"egernia striata","Liopholis striata",FALSE,1,122986,TRUE,"",1
"eigenmannia virescens","Eigenmannia virescens",FALSE,1,437387,FALSE,"",1
"elachistocleis bicolor","Elachistocleis bicolor",FALSE,1,215232,FALSE,"",1
"elaphe guttata","Pantherophis guttatus",FALSE,1,456236,TRUE,"",1
"elaphe obsoleta","Pantherophis obsoletus",FALSE,1,530777,TRUE,"",1
"elassoma evergladei","Elassoma evergladei",FALSE,1,313433,FALSE,"",1
"electrona antarctica","Electrona antarctica",FALSE,1,358647,FALSE,"",1
"eleotris acanthopoma","Eleotris acanthopoma",FALSE,1,78295,FALSE,"",1
"eleotris amblyopsis","Eleotris amblyopsis",FALSE,1,740276,FALSE,"",1
"eleotris fusca","Eleotris fusca",FALSE,1,78297,FALSE,"",1
"eleotris pisonis","Eleotris pisonis",FALSE,1,417209,FALSE,"",1
"eleutherodactylus coqui","Eleutherodactylus coqui",FALSE,1,1085754,FALSE,"",1
"eleutherodactylus johnstonei","Eleutherodactylus johnstonei",FALSE,1,836975,FALSE,"",1
"eleutherodactylus planirostris","Eleutherodactylus planirostris",FALSE,1,1066501,FALSE,"",1
"elops saurus","Elops saurus",FALSE,1,329631,FALSE,"",1
"enchelyopus cimbrius","Enchelyopus cimbrius",FALSE,1,339087,FALSE,"",1
"engraulis encrasicolus","Engraulis encrasicolus",FALSE,1,222963,FALSE,"",1
"enneacanthus gloriosus","Enneacanthus gloriosus",FALSE,1,476364,FALSE,"",1
"ensatina eschscholtzii","Ensatina eschscholtzii",FALSE,1,637537,FALSE,"",1
"entomocorus gameroi","Entomocorus gameroi",FALSE,1,3623579,FALSE,"",1
"eoneureclipsis","Eoneureclipsis",FALSE,1,124091,FALSE,"",1
"epeorus latifolium","Epeorus latifolium",FALSE,1,280825,FALSE,"sibling_higher",1
"ephemerella cornutus","Ephemerella cornutus",FALSE,1,1032877,FALSE,"",1
"epinephelus fasciatus","Epinephelus fasciatus",FALSE,1,534146,FALSE,"",1
"epinephelus quoyanus","Epinephelus quoyanus",FALSE,1,45491,FALSE,"",1
"epinephelus stoliczkae","Epinephelus stoliczkae",FALSE,1,3634069,FALSE,"",1
"epiophlebia superstes","Epiophlebia superstes",FALSE,1,915722,FALSE,"",1
"erignathus barbatus","Erignathus barbatus",FALSE,1,931413,FALSE,"",1
"esox lucius","Esox lucius",FALSE,1,739941,FALSE,"",1
"esox niger","Esox niger",FALSE,1,496121,FALSE,"",1
"etmopterus granulosus","Etmopterus granulosus",FALSE,1,975973,FALSE,"",1
"etmopterus princeps","Etmopterus princeps",FALSE,1,832502,FALSE,"",1
"etmopterus spinax","Etmopterus spinax",FALSE,1,1059232,FALSE,"",1
"eubasilissa regina","Eubasilissa regina",FALSE,1,3027911,FALSE,"",1
"eucapnopsis","Eucapnopsis",FALSE,1,720788,FALSE,"",1
"eucopia australis","Eucopia australis",FALSE,1,2989873,FALSE,"",1
"eucopia sculpticauda","Eucopia sculpticauda",FALSE,1,845956,FALSE,"",1
"eucopia unguiculata","Eucopia unguiculata",FALSE,1,2989872,FALSE,"",1
"eudyptes chrysocome","Eudyptes chrysocome",FALSE,1,82220,FALSE,"",1
"eudyptes chrysolophus","Eudyptes chrysolophus",FALSE,1,82219,FALSE,"",1
"eudyptes schlegeli","Eudyptes schlegeli",FALSE,1,605139,FALSE,"",1
"eudyptula minor","Eudyptula minor",FALSE,1,613299,FALSE,"",1
"eukrohnia hamata","Eukrohnia hamata",FALSE,1,584274,FALSE,"",1
"euproctus montanus","Euproctus montanus",FALSE,1,861438,FALSE,"",1
"eurycea cirrigera","Eurycea cirrigera",FALSE,1,269532,FALSE,"",1
"euthynnus affinis","Euthynnus affinis",FALSE,1,308760,FALSE,"",1
"eutropiichthys vacha","Eutropiichthys vacha",FALSE,1,350498,FALSE,"",1
"eutropis multifasciata","Eutropis multifasciata",FALSE,1,621434,FALSE,"",1
"evasterias troschelii","Evasterias troschelii",FALSE,1,197640,FALSE,"",1
"evermannella","Evermannella",FALSE,1,86556,FALSE,"",2
"evorthodus lyricus","Evorthodus lyricus",FALSE,1,7815,FALSE,"",1
"exoglossum maxillingua","Exoglossum maxillingua",FALSE,1,411057,FALSE,"",1
"falco amurensis","Falco amurensis",FALSE,1,352517,FALSE,"",1
"falco naumanni","Falco naumanni",FALSE,1,624976,FALSE,"",1
"farancia abacura","Farancia abacura",FALSE,1,931412,FALSE,"extinct",1
"fejervarya kawamurai","Fejervarya kawamurai",FALSE,1,6158844,FALSE,"",1
"felis catus","Felis catus",FALSE,1,563166,FALSE,"",2
"flaccisagitta enflata","Flaccisagitta enflata",FALSE,1,679425,FALSE,"",1
"forficula auricularia","Forficula auricularia",FALSE,1,673084,FALSE,"",1
"forskalia","Forskalia",FALSE,1,555360,FALSE,"",2
"fratercula arctica","Fratercula arctica",FALSE,1,864865,FALSE,"",1
"fregata minor","Fregata minor",FALSE,1,285638,FALSE,"",1
"freyella elegans","Freyella elegans",FALSE,1,3657381,FALSE,"",1
"fulmarus glacialoides","Fulmarus glacialoides",FALSE,1,82196,FALSE,"",1
"fundulus chrysotus","Fundulus chrysotus",FALSE,1,519470,FALSE,"",1
"fundulus confluentus","Fundulus confluentus",FALSE,1,442986,FALSE,"",1
"fundulus diaphanus","Fundulus diaphanus",FALSE,1,159076,FALSE,"",1
"fundulus grandis","Fundulus grandis",FALSE,1,519483,FALSE,"",1
"fundulus heteroclitus","Fundulus heteroclitus",FALSE,1,583633,FALSE,"",1
"fundulus parvipinnis","Fundulus parvipinnis",FALSE,1,643240,FALSE,"",1
"fundulus pulvereus","Fundulus pulvereus",FALSE,1,785973,FALSE,"",1
"fundulus xenicus","Adinia xenica",FALSE,1,839523,TRUE,"",1
"fundulus zebrinus","Fundulus zebrinus",FALSE,1,617462,FALSE,"",1
"gadus morhua","Gadus morhua (species in domain Eukaryota)",FALSE,1,114170,FALSE,"",1
"gadus ogac","Gadus ogac",FALSE,1,635898,FALSE,"",2
"galeocerdo cuvier","Galeocerdo cuvier",FALSE,1,976355,FALSE,"",1
"galeus melastomus","Galeus melastomus",FALSE,1,327712,FALSE,"",1
"galeus murinus","Galeus murinus",FALSE,1,647388,FALSE,"",1
"gambelia wislizenii","Gambelia wislizenii",FALSE,1,244470,FALSE,"",1
"gambusia holbrooki","Gambusia holbrooki",FALSE,1,553631,FALSE,"",1
"gegeneophis ramaswamii","Gegeneophis ramaswamii",FALSE,1,227120,FALSE,"",1
"gehyra variegata","Gehyra variegata",FALSE,1,24139,FALSE,"",3
"genetta cristata","Genetta cristata",FALSE,1,45849,FALSE,"",1
"gennadas valens","Gennadas valens",FALSE,1,250985,FALSE,"",1
"geothelphusa dehaani","Geothelphusa dehaani",FALSE,1,446471,FALSE,"",1
"gephyreaster swifti","Gephyreaster swifti",FALSE,1,983929,FALSE,"",1
"gephyrocharax valencia","Gephyrocharax valencia",FALSE,1,3624910,FALSE,"",1
"gila cypha","Gila cypha",FALSE,1,114469,FALSE,"",1
"globicephala macrorhynchus","Globicephala macrorhynchus",FALSE,1,535886,FALSE,"",1
"globicephala melas","Globicephala melas",FALSE,1,124212,FALSE,"",1
"glyptocephalus cynoglossus","Glyptocephalus cynoglossus",FALSE,1,223675,FALSE,"",1
"gnathocharax steindachneri","Gnathocharax steindachneri",FALSE,1,597351,FALSE,"",1
"gobiomorus dormitor","Gobiomorus dormitor",FALSE,1,740272,FALSE,"",1
"gobionellus boleosoma","Ctenogobius boleosoma",FALSE,1,763961,TRUE,"",1
"gobionotothen gibberifrons","Gobionotothen gibberifrons",FALSE,1,448828,FALSE,"",1
"gobiosoma bosc","Gobiosoma bosc",FALSE,1,230857,FALSE,"",1
"gobiosoma robustum","Gobiosoma robustum",FALSE,1,1064480,FALSE,"",1
"gobius ruthensparri","Gobiusculus flavescens",FALSE,1,637893,TRUE,"",1
"goerodes","Lepidostoma (genus in Opisthokonta)",FALSE,1,222291,TRUE,"",2
"gonatodes concinnatus","Gonatodes concinnatus",FALSE,1,597542,FALSE,"",1
"gonatodes hasemani","Gonatodes hasemani",FALSE,1,723078,FALSE,"",1
"gonatodes humeralis","Gonatodes humeralis",FALSE,1,126729,FALSE,"",1
"gonocephalus semperi","Gonocephalus semperi",FALSE,1,4124926,FALSE,"",1
"gonocephalus sophiae","Gonocephalus sophiae",FALSE,1,4124930,FALSE,"",1
"gowidon longirostris","Gowidon longirostris",FALSE,1,298875,FALSE,"",1
"grampus griseus","Grampus griseus",FALSE,1,154711,FALSE,"",1
"graptemys geographica","Graptemys geographica",FALSE,1,1064023,FALSE,"",1
"grayia smythii","Grayia smithii",FALSE,1,994633,TRUE,"",1
"gulo gulo","Gulo gulo",FALSE,1,178247,FALSE,"",1
"gymnophthalmus underwoodi","Gymnophthalmus underwoodi",FALSE,1,58577,FALSE,"",1
"gymnoscopelus fraseri","Gymnoscopelus fraseri",FALSE,1,162203,FALSE,"",1
"gymnoscopelus nicholsi","Gymnoscopelus nicholsi",FALSE,1,211050,FALSE,"",1
"gymnotus carapo","Gymnotus carapo",FALSE,1,445408,FALSE,"",1
"gymnotus cylindricus","Gymnotus cylindricus",FALSE,1,463673,FALSE,"",1
"haddadus binotatus","Haddadus binotatus",FALSE,1,798788,FALSE,"",1
"haldea valeriae","Virginia valeriae",FALSE,1,4121174,TRUE,"",1
"halichoerus grypus","Halichoerus grypus",FALSE,1,1040694,FALSE,"",1
"halobaena caerulea","Halobaena caerulea",FALSE,1,656582,FALSE,"",1
"haploperla japonica","Haploperla japonica",FALSE,1,5015967,FALSE,"",1
"harmothoe imbricata","Harmothoe imbricata",FALSE,1,694272,FALSE,"sibling_higher",1
"harpagifer antarcticus","Harpagifer antarcticus",FALSE,1,56123,FALSE,"",1
"harpalus rufipes","Harpalus rufipes",FALSE,1,326464,FALSE,"sibling_higher",4
"haustrum haustorium","Haustrum haustorium",FALSE,1,976141,FALSE,"",1
"haustrum scobina","Haustrum scobina",FALSE,1,389266,FALSE,"",1
"heliaster helianthus","Heliaster helianthus",FALSE,1,3657206,FALSE,"",1
"helicops infrataeniatus","Helicops infrataeniatus",FALSE,1,1087427,FALSE,"",1
"heliobolus lugubris","Heliobolus lugubris",FALSE,1,257069,FALSE,"",1
"heliobolus spekii","Heliobolus spekii",FALSE,1,363306,FALSE,"",1
"hemicaranx amblyrhynchus","Hemicaranx amblyrhynchus",FALSE,1,554316,FALSE,"",1
"hemichromis fasciatus","Hemichromis fasciatus",FALSE,1,336606,FALSE,"",1
"hemidactylus brooki","Hemidactylus brookii",FALSE,1,818134,TRUE,"sibling_higher",1
"hemidactylus mabouia","Hemidactylus mabouia",FALSE,1,737831,FALSE,"sibling_higher",2
"hemigrammus","Hemigrammus",FALSE,1,440388,FALSE,"",1
"hemigrammus analis","Hemigrammus analis",FALSE,1,3625394,FALSE,"",1
"hemigrammus arriba","Hemigrammus arua",TRUE,0.8125,3625400,FALSE,"",1
"hemigrammus barrigonae","Hemigrammus barrigonae",FALSE,1,3625387,FALSE,"",1
"hemigrammus bellottii","Hemigrammus bellottii",FALSE,1,3625367,FALSE,"",1
"hemigrammus microstomus","Hemigrammus microstomus",FALSE,1,3625371,FALSE,"",1
"hemigrammus rhodostomus","Hemigrammus rhodostomus",FALSE,1,3625407,FALSE,"",1
"hemigrammus stictus","Hemigrammus stictus",FALSE,1,3625413,FALSE,"",1
"hemigrammus vorderwinkleri","Hemigrammus vorderwinkleri",FALSE,1,3625379,FALSE,"",1
"hemisus marmoratus","Hemisus marmoratus",FALSE,1,968537,FALSE,"",1
"hepsetus odoe","Hepsetus odoe",FALSE,1,128234,FALSE,"",1
"herpestes ichneumon","Herpestes ichneumon",FALSE,1,749636,FALSE,"",1
"heterandria formosa","Heterandria formosa",FALSE,1,808633,FALSE,"",1
"heterocharax macrolepis","Heterocharax macrolepis",FALSE,1,156784,FALSE,"",1
"heterodon nasicus","Heterodon nasicus",FALSE,1,632191,FALSE,"",1
"heterodon platirhinos","Heterodon platirhinos",FALSE,1,405958,FALSE,"",1
"heteronotia binoei","Heteronotia binoei",FALSE,1,608936,FALSE,"",1
"hexaplex princeps","Hexaplex princeps",FALSE,1,2909103,FALSE,"",1
"hexatoma","Hexatoma",FALSE,1,331969,FALSE,"",1
"hippasteria phrygiana","Hippasteria phrygiana",FALSE,1,3656615,FALSE,"",1
"hippocampus patagonicus","Hippocampus patagonicus",FALSE,1,398139,FALSE,"",1
"hippoglossoides platessoides","Hippoglossoides platessoides",FALSE,1,223665,FALSE,"",1
"hippopodius hippopus","Hippopodius hippopus",FALSE,1,934506,FALSE,"",1
"hippopotamyrus discorhynchus","Cyphomyrus discorhynchus",FALSE,1,349817,TRUE,"",1
"homarus americanus","Homarus americanus",FALSE,1,28247,FALSE,"",1
"hoplerythrinus unitaeniatus","Hoplerythrinus unitaeniatus",FALSE,1,719840,FALSE,"",1
"hoplias malabaricus","Hoplias malabaricus",FALSE,1,179348,FALSE,"",1
"hoplobatrachus occipitalis","Hoplobatrachus occipitalis",FALSE,1,74847,FALSE,"",1
"hydrocynus vittatus","Hydrocynus vittatus",FALSE,1,384849,FALSE,"",1
"hydrolycus armatus","Hydrolycus armatus",FALSE,1,545265,FALSE,"",1
"hydropsyche albicephala","Ceratopsyche albicephala",FALSE,1,3025172,TRUE,"",1
"hydropsyche japonica","Hydropsyche javanica",TRUE,0.899999976158142,3025480,FALSE,"",7
"hyla euphorbiacea","Dryophytes euphorbiaceus",FALSE,1,598460,TRUE,"",1
"hyla japonica","Dryophytes japonicus",FALSE,1,240413,TRUE,"",1
"hyla versicolor","Dryophytes versicolor",FALSE,1,386095,TRUE,"",1
"hymenaster membranaceus","Hymenaster pellucidus",FALSE,1,32677,TRUE,"",1
"hymenodora glacialis","Hymenodora glacialis",FALSE,1,350356,FALSE,"",1
"hyperolius concolor","Hyperolius concolor",FALSE,1,505134,FALSE,"",1
"hyperolius fusciventris","Hyperolius fusciventris",FALSE,1,85268,FALSE,"",1
"hyperolius guttulatus","Hyperolius guttulatus",FALSE,1,510964,FALSE,"",1
"hyperolius sylvaticus","Hyperolius sylvaticus",FALSE,1,1088575,FALSE,"",1
"hypopomus","Hypopomus",FALSE,1,164258,FALSE,"",1
"hypseleotris","Hypseleotris",FALSE,1,78304,FALSE,"",1
"hypsiglena torquata","Hypsiglena torquata",FALSE,1,740048,FALSE,"",1
"ichnotropis squamulosa","Meroles squamulosus",FALSE,1,1014443,TRUE,"",1
"ichthyophis bannanicus","Ichthyophis bannanicus",FALSE,1,639649,FALSE,"",1
"ictalurus punctatus","Ictalurus punctatus",FALSE,1,701523,FALSE,"",1
"idiacanthus antrostomus","Idiacanthus antrostomus",FALSE,1,890166,FALSE,"",1
"incilius mazatlanensis","Incilius mazatlanensis",FALSE,1,931373,FALSE,"",1
"isonychia japonica","Isonychia japonica",FALSE,1,1061757,FALSE,"",1
"isoperla","Isoperla",FALSE,1,526032,FALSE,"",1
"isoperla motonis","Isoperla motonis",FALSE,1,5015870,FALSE,"",1
"isoperla nipponica","Isoperla nipponica",FALSE,1,5015840,FALSE,"",1
"istiompax indica","Istiompax indica",FALSE,1,696430,FALSE,"",1
"istiophorus platypterus","Istiophorus platypterus",FALSE,1,545842,FALSE,"",1
"isurus oxyrinchus","Isurus oxyrinchus",FALSE,1,73672,FALSE,"",1
"itapotihyla langsdorffii","Itapotihyla langsdorffii",FALSE,1,528946,FALSE,"",1
"jordanella floridae","Jordanella floridae",FALSE,1,82326,FALSE,"",1
"kalinga ornata","Kalinga ornata",FALSE,1,2876245,FALSE,"",1
"kamimuria tibialis","Kamimuria tibialis",FALSE,1,5017003,FALSE,"",1
"kamimuria uenoi","Kamimuria uenoi",FALSE,1,5017013,FALSE,"",1
"katsuwonus pelamis","Katsuwonus pelamis",FALSE,1,308754,FALSE,"",1
"kentropyx calcarata","Kentropyx calcarata",FALSE,1,348433,FALSE,"",1
"kentropyx pelviceps","Kentropyx pelviceps",FALSE,1,348432,FALSE,"",1
"kentropyx striata","Kentropyx striata",FALSE,1,348431,FALSE,"",1
"kiotina","Kiotina",FALSE,1,5017117,FALSE,"sibling_higher",2
"knodus gamma","Knodus gamma",FALSE,1,3624964,FALSE,"",1
"kogotus","Kogotus",FALSE,1,96165,FALSE,"",1
"labidesthes sicculus","Labidesthes sicculus",FALSE,1,125720,FALSE,"",1
"labidiaster annulatus","Labidiaster annulatus",FALSE,1,414552,FALSE,"",1
"labrus mixtus","Labrus mixtus",FALSE,1,789965,FALSE,"",1
"lagenodelphis hosei","Lagenodelphis hosei",FALSE,1,336237,FALSE,"",1
"lagenorhynchus obliquidens","Lagenorhynchus obliquidens",FALSE,1,701489,FALSE,"",1
"lagenorhynchus obscurus","Lagenorhynchus obscurus",FALSE,1,548145,FALSE,"",1
"lagodon rhomboides","Lagodon rhomboides",FALSE,1,905046,FALSE,"",1
"lamna nasus","Lamna nasus",FALSE,1,500593,FALSE,"",1
"lampanyctodes hectoris","Lampanyctodes hectoris",FALSE,1,866174,FALSE,"",1
"lampanyctus australis","Lampanyctus australis",FALSE,1,3629483,FALSE,"",1
"lampanyctus jordani","Lampanyctus jordani",FALSE,1,168912,FALSE,"",1
"lampanyctus macropterus","Lampanyctus macropterus",FALSE,1,3629487,FALSE,"",1
"lampanyctus regalis","Nannobrachium regale",FALSE,1,169226,TRUE,"",1
"lampanyctus ritteri","Nannobrachium ritteri",FALSE,1,47677,TRUE,"",1
"lampris luna","Lampris guttatus",FALSE,1,788076,TRUE,"",1
"lamprolepis smaragdina","Lamprolepis smaragdina",FALSE,1,342542,FALSE,"",1
"lampropeltis calligaster","Lampropeltis calligaster",FALSE,1,300629,FALSE,"",1
"lampropeltis getula","Lampropeltis getula",FALSE,1,547409,FALSE,"",1
"lampropeltis triangulum","Lampropeltis triangulum",FALSE,1,815155,FALSE,"",1
"lamyctes fulvicornis","Lamyctes fulvicornis",FALSE,1,942627,FALSE,"",2
"lanius excubitor","Lanius excubitor",FALSE,1,146937,FALSE,"",1
"lanthus fujiacus","Lanthus fujiacus",FALSE,1,1071546,FALSE,"",1
"larus argentatus","Larus argentatus",FALSE,1,791957,FALSE,"",1
"larus delawarensis","Larus delawarensis",FALSE,1,119599,FALSE,"",1
"larus marinus","Larus marinus",FALSE,1,887691,FALSE,"",1
"larus philadelphia","Larus philadelphia",FALSE,1,1026258,FALSE,"",1
"latastia longicaudata","Latastia longicaudata",FALSE,1,437767,FALSE,"",1
"latirolagena smaragdula","Latirolagena smaragdulus",FALSE,1,2898419,TRUE,"",1
"latirus polygonus","Latirus polygonus",FALSE,1,2898512,FALSE,"",1
"leander adspersus","Palaemon adspersus",FALSE,1,958834,TRUE,"sibling_higher",1
"leiostomus xanthurus","Leiostomus xanthurus",FALSE,1,1052160,FALSE,"",1
"lensia conoidea","Lensia conoidea",FALSE,1,863148,FALSE,"",1
"lepidonotothen nudifrons","Lepidonotothen nudifrons",FALSE,1,260052,FALSE,"",1
"lepidonotothen squamifrons","Lepidonotothen squamifrons",FALSE,1,598968,FALSE,"",1
"lepidonotus squamatus","Lepidonotus squamatus",FALSE,1,974925,FALSE,"sibling_higher",1
"lepisosteus platyrhincus","Lepisosteus platyrhincus",FALSE,1,804455,FALSE,"",1
"lepomis gibbosus","Lepomis gibbosus",FALSE,1,670266,FALSE,"",1
"lepomis macrochirus","Lepomis macrochirus",FALSE,1,836783,FALSE,"",1
"lepomis marginatus","Lepomis marginatus",FALSE,1,943380,FALSE,"",1
"lepomis microlophus","Lepomis microlophus",FALSE,1,271244,FALSE,"",1
"lepomis punctatus","Lepomis punctatus",FALSE,1,271257,FALSE,"",1
"leposoma parietale","Loxopholis parietalis",FALSE,1,838439,TRUE,"",1
"leposoma percarinatum","Loxopholis percarinatum",FALSE,1,322420,TRUE,"",1
"lepsiella vinosa","Bedeva vinosa",FALSE,1,1083220,TRUE,"",1
"leptasterias hexactis","Leptasterias hexactis",FALSE,1,658147,FALSE,"sibling_higher",1
"leptasterias polaris","Leptasterias polaris",FALSE,1,463287,FALSE,"sibling_higher",1
"leptobotia elongata","Leptobotia elongata",FALSE,1,804295,FALSE,"",1
"leptonychotes weddellii","Leptonychotes weddellii",FALSE,1,175259,FALSE,"",1
"leptophis mexicanus","Leptophis mexicanus",FALSE,1,4121530,FALSE,"",1
"lethrinus borbonicus","Lethrinus borbonicus",FALSE,1,850621,FALSE,"",1
"lethrinus mahsena","Lethrinus mahsena",FALSE,1,229733,FALSE,"",1
"lethrinus microdon","Lethrinus microdon",FALSE,1,850606,FALSE,"",1
"lethrinus nebulosus","Lethrinus nebulosus",FALSE,1,850597,FALSE,"",1
"leucophaeus atricilla","Leucophaeus atricilla",FALSE,1,436747,FALSE,"",1
"leucoraja circularis","Leucoraja circularis",FALSE,1,649762,FALSE,"",1
"leucoraja fullonica","Leucoraja fullonica",FALSE,1,660328,FALSE,"",1
"leucorchestris arenicola","Leucorchestris arenicola",FALSE,1,3551243,FALSE,"",1
"leucorchestris steyni","Leucorchestris steyni",FALSE,1,3551544,FALSE,"",1
"leuctridae","Leuctridae",FALSE,1,1002090,FALSE,"",1
"leuroglossus schmidti","Leuroglossus schmidti",FALSE,1,7517,FALSE,"",1
"lialis burtoni","Lialis burtonis",FALSE,1,24142,TRUE,"",1
"limnocentropus insolitus","Limnocentropus insolitus",FALSE,1,171609,FALSE,"",1
"liocarcinus depurator","Liocarcinus depurator",FALSE,1,449977,FALSE,"",1
"liocarcinus holsatus","Liocarcinus holsatus",FALSE,1,99731,FALSE,"",1
"liodytes alleni","Liodytes alleni",FALSE,1,1082133,FALSE,"",1
"liodytes rigida","Liodytes rigida",FALSE,1,505616,FALSE,"",1
"liopeltis vernalis","Opheodrys vernalis",FALSE,1,593540,TRUE,"",1
"liparis","Liparis (genus in Opisthokonta)",FALSE,1,577723,FALSE,"",3
"lissodelphis borealis","Lissodelphis borealis",FALSE,1,1093944,FALSE,"",1
"lithobates sphenocephalus","Rana sphenocephala",FALSE,1,61437,TRUE,"",1
"lithobius crassipes","Lithobius crassipes",FALSE,1,53152,FALSE,"",1
"lithobius curtipes","Lithobius curtipes",FALSE,1,925460,FALSE,"",1
"lithobius mutabilis","Lithobius mutabilis",FALSE,1,267601,FALSE,"",1
"lithodoras dorsalis","Lithodoras dorsalis",FALSE,1,623743,FALSE,"",1
"liza aurata","Chelon auratus",FALSE,1,418662,TRUE,"",1
"liza ramada","Chelon ramada",FALSE,1,668241,TRUE,"",1
"liza saliens","Chelon saliens",FALSE,1,418656,TRUE,"",1
"loligo forbesii","Loligo forbesii",FALSE,1,528832,FALSE,"",1
"loligo pealei","Doryteuthis pealeii",FALSE,1,241285,TRUE,"",1
"loligo vulgaris","Loligo vulgaris",FALSE,1,1054848,FALSE,"",1
"lophius americanus","Lophius americanus",FALSE,1,583642,FALSE,"",1
"loricera pilicornis","Loricera pilicornis",FALSE,1,230604,FALSE,"",1
"lota lota","Lota lota",FALSE,1,440414,FALSE,"",1
"lucania goodei","Lucania goodei",FALSE,1,84261,FALSE,"",1
"lucania parva","Lucania parva",FALSE,1,839518,FALSE,"",1
"lucasium stenodactylum","Lucasium stenodactylum",FALSE,1,431042,FALSE,"",1
"luciobarbus callensis","Luciobarbus callensis",FALSE,1,5554995,FALSE,"",1
"luidia ciliaris","Luidia ciliaris",FALSE,1,332056,FALSE,"",1
"luidia clathrata","Luidia clathrata",FALSE,1,337934,FALSE,"",1
"luidia foliolata","Luidia foliolata",FALSE,1,258317,FALSE,"",1
"luidia quinaria","Luidia quinaria",FALSE,1,367765,FALSE,"",1
"luidia sarsi","Luidia sarsi",FALSE,1,24895,FALSE,"",2
"lumpenus lampretaeformis","Lumpenus lampretaeformis",FALSE,1,3632880,FALSE,"",1
"lutjanus bohar","Lutjanus bohar",FALSE,1,333352,FALSE,"",1
"lutjanus carponotatus","Lutjanus carponotatus",FALSE,1,333348,FALSE,"",1
"lutjanus gibbus","Lutjanus gibbus",FALSE,1,333344,FALSE,"",1
"lutjanus jocu","Lutjanus jocu",FALSE,1,943192,FALSE,"",1
"lutjanus kasmira","Lutjanus kasmira",FALSE,1,333340,FALSE,"",1
"lutra lutra","Lutra lutra",FALSE,1,348036,FALSE,"",1
"luxilus cornutus","Luxilus cornutus",FALSE,1,96051,FALSE,"",1
"lyciasalamandra luschani","Lyciasalamandra luschani",FALSE,1,1012890,FALSE,"",1
"lygodactylus capensis","Lygodactylus capensis",FALSE,1,43346,FALSE,"sibling_higher",1
"lygodactylus picturatus","Lygodactylus picturatus",FALSE,1,1085744,FALSE,"sibling_higher",2
"lynx lynx","Lynx lynx",FALSE,1,886829,FALSE,"",1
"lynx rufus","Lynx rufus",FALSE,1,507545,FALSE,"",1
"mabuya planifrons","Trachylepis planifrons",FALSE,1,4123483,TRUE,"",1
"maccullochella peelii","Maccullochella peelii",FALSE,1,538656,FALSE,"",1
"macromia amphigena","Macromia amphigena",FALSE,1,784761,FALSE,"",1
"macropinna microstoma","Macropinna microstoma",FALSE,1,584432,FALSE,"",1
"makaira nigricans","Makaira nigricans",FALSE,1,696461,FALSE,"",1
"mallotus villosus","Mallotus villosus",FALSE,1,399346,FALSE,"",1
"marcusenius macrolepidotus","Marcusenius macrolepidotus",FALSE,1,1016851,FALSE,"",1
"martes americana","Martes americana",FALSE,1,923116,FALSE,"",1
"martes foina","Martes foina",FALSE,1,348047,FALSE,"",1
"mastacembelus frenatus","Mastacembelus frenatus",FALSE,1,546685,FALSE,"",1
"masticophis flagellum","Masticophis flagellum",FALSE,1,1032608,FALSE,"",1
"maurolicus muelleri","Maurolicus muelleri",FALSE,1,540470,FALSE,"",1
"mayaheros urophthalmus","Cichlasoma urophthalmum",FALSE,1,969102,TRUE,"sibling_higher",1
"mediaster aequalis","Mediaster aequalis",FALSE,1,658159,FALSE,"",1
"megadyptes antipodes","Megadyptes antipodes",FALSE,1,429618,FALSE,"",1
"meganyctiphanes norvegica","Meganyctiphanes norvegica",FALSE,1,151806,FALSE,"",1
"melamphaes lugubris","Melamphaes lugubris",FALSE,1,273421,FALSE,"",2
"melanotaenia fluviatilis","Melanotaenia fluviatilis",FALSE,1,224783,FALSE,"",1
"menetia greyii","Menetia greyii",FALSE,1,733910,FALSE,"",1
"menidia beryllina","Menidia beryllina",FALSE,1,804705,FALSE,"",1
"menidia peninsulae","Menidia peninsulae",FALSE,1,800800,FALSE,"",1
"meridiastra gunnii","Meridiastra gunnii",FALSE,1,644991,FALSE,"",1
"merluccius bilinearis","Merluccius bilinearis",FALSE,1,351757,FALSE,"",1
"merluccius productus","Merluccius productus",FALSE,1,183169,FALSE,"",1
"meroles suborbitalis","Meroles suborbitalis",FALSE,1,996385,FALSE,"",1
"mertensia ovum","Mertensia ovum",FALSE,1,523265,FALSE,"",1
"mesoplodon densirostris","Mesoplodon densirostris",FALSE,1,6470,FALSE,"",3
"mesoplodon europaeus","Mesoplodon europaeus",FALSE,1,825961,FALSE,"",1
"mesotriton alpestris","Ichthyosaura alpestris",FALSE,1,159060,TRUE,"",1
"mesyatsia","Mesyatsia",FALSE,1,5018794,FALSE,"sibling_higher",1
"meyenaster gelatinosus","Meyenaster gelatinosus",FALSE,1,752702,FALSE,"",1
"microcarbo melanoleucos","Microcarbo melanoleucos",FALSE,1,9838,FALSE,"",1
"microglanis iheringi","Microglanis iheringi",FALSE,1,1087479,FALSE,"",1
"micromesistius poutassou","Micromesistius poutassou",FALSE,1,780760,FALSE,"",1
"microphis brachyurus","Oostethus brachyurus",FALSE,1,495929,TRUE,"",1
"micropogonias undulatus","Micropogonias undulatus",FALSE,1,987393,FALSE,"",1
"micropterus dolomieu","Micropterus dolomieu",FALSE,1,235372,FALSE,"",1
"micropterus nigricans","Microtus agrestis",TRUE,0.833333313465118,754333,FALSE,"",2
"micropterus salmoides","Micropterus salmoides",FALSE,1,230493,FALSE,"",1
"microsternarchus bilineatus","Microsternarchus bilineatus",FALSE,1,164257,FALSE,"",1
"mikrogeophagus ramirezi","Mikrogeophagus ramirezi",FALSE,1,316392,FALSE,"",1
"mimetus notius","Mimetus notius",FALSE,1,794017,FALSE,"",1
"mirounga angustirostris","Mirounga angustirostris",FALSE,1,175268,FALSE,"",1
"mnemiopsis leidyi","Mnemiopsis leidyi",FALSE,1,161877,FALSE,"",1
"mochlus sundevallii","Mochlus sundevalli",FALSE,1,900559,TRUE,"",1
"moenkhausia forestii","Moenkhausia forestii",FALSE,1,319761,FALSE,"",1
"moloch horridus","Moloch horridus",FALSE,1,116307,FALSE,"",1
"monachus monachus","Monachus monachus",FALSE,1,759722,FALSE,"",1
"morethia butleri","Morethia butleri",FALSE,1,155780,FALSE,"",1
"mormyrus lacerda","Mormyrus lacerda",FALSE,1,3643924,FALSE,"",1
"morone americana","Morone americana",FALSE,1,769292,FALSE,"",1
"morone chrysops","Morone chrysops",FALSE,1,246133,FALSE,"",1
"moroteuthis ingens","Onykia ingens",FALSE,1,784784,TRUE,"",1
"muggiaea atlantica","Muggiaea atlantica",FALSE,1,913323,FALSE,"",1
"mugil cephalus","Mugil cephalus",FALSE,1,418648,FALSE,"",1
"mugil chelo","Chelon labrosus",FALSE,1,777079,TRUE,"",1
"mus musculus","Mus musculus",FALSE,1,542509,FALSE,"",1
"mustela erminea","Mustela erminea",FALSE,1,681184,FALSE,"",1
"mustela nivalis","Mustela nivalis",FALSE,1,354525,FALSE,"",1
"mustela putorius","Mustela putorius",FALSE,1,923126,FALSE,"",1
"mustelus canis","Mustelus canis",FALSE,1,976343,FALSE,"",1
"mustelus henlei","Mustelus henlei",FALSE,1,1035182,FALSE,"",1
"mustelus manazo","Mustelus manazo",FALSE,1,573813,FALSE,"",1
"myctophum aurolaternatum","Myctophum aurolaternatum",FALSE,1,519259,FALSE,"",1
"myctophum spinosum","Myctophum spinosum",FALSE,1,114280,FALSE,"",1
"myliobatis freminvillei","Myliobatis freminvillei",FALSE,1,781226,FALSE,"",1
"mysis mixta","Mysis mixta",FALSE,1,777293,FALSE,"",1
"myzopsetta ferruginea","Myzopsetta ferruginea",FALSE,1,883419,FALSE,"",1
"nandopsis dovii","Parachromis dovii",FALSE,1,295717,TRUE,"",1
"nandopsis friedrichsthalii","Parachromis friedrichsthalii",FALSE,1,63349,TRUE,"",1
"nanomia bijuga","Nanomia bijuga",FALSE,1,358889,FALSE,"",1
"nansenia candida","Nansenia candida",FALSE,1,992672,FALSE,"",1
"natrix sipedon","Nerodia sipedon",FALSE,1,405962,TRUE,"",1
"natrix taxispilota","Nerodia taxispilota",FALSE,1,769289,TRUE,"",1
"nebria brevicollis","Nebria brevicollis",FALSE,1,686814,FALSE,"",1
"necora puber","Necora puber",FALSE,1,613653,FALSE,"",1
"negaprion brevirostris","Negaprion brevirostris",FALSE,1,450137,FALSE,"",1
"neogobius fluviatilis","Neogobius fluviatilis",FALSE,1,496698,FALSE,"",1
"neogobius melanostomus","Neogobius melanostomus",FALSE,1,475633,FALSE,"",1
"neoperla","Neoperla",FALSE,1,401128,FALSE,"",1
"neovison vison","Neovison vison",FALSE,1,310482,FALSE,"",1
"nephrurus laevissimus","Nephrurus laevissimus",FALSE,1,614488,FALSE,"",1
"nephrurus levis","Nephrurus levis",FALSE,1,256960,FALSE,"",2
"nephrurus vertebralis","Nephrurus vertebralis",FALSE,1,583137,FALSE,"",1
"nephtys bucera","Nephtys bucera",FALSE,1,4985102,FALSE,"",1
"nephtys caeca","Nephtys caeca",FALSE,1,642691,FALSE,"",1
"nephtys hombergii","Nephtys hombergii",FALSE,1,336916,FALSE,"",1
"nerodia cyclopion","Nerodia cyclopion",FALSE,1,1082130,FALSE,"",1
"nerodia erythrogaster","Nerodia erythrogaster",FALSE,1,353725,FALSE,"",1
"nerodia fasciata","Nerodia fasciata",FALSE,1,353717,FALSE,"",1
"nerodia rhombifera","Nerodia rhombifer",FALSE,1,505612,TRUE,"",1
"nerophis ophidion","Nerophis ophidion",FALSE,1,806821,FALSE,"",1
"nihonogomphus viridis","Nihonogomphus viridis",FALSE,1,730900,FALSE,"",1
"nocomis asper","Nocomis asper",FALSE,1,484803,FALSE,"",1
"notiophilus biguttatus","Notiophilus biguttatus",FALSE,1,479488,FALSE,"",1
"notophthalmus viridescens","Notophthalmus viridescens",FALSE,1,566015,FALSE,"",1
"notorynchus cepedianus","Notorynchus cepedianus",FALSE,1,290409,FALSE,"",1
"notostomus gibbosus","Notostomus gibbosus",FALSE,1,475269,FALSE,"",1
"notothenia coriiceps","Notothenia coriiceps",FALSE,1,258643,FALSE,"",1
"notothenia rossii","Notothenia rossii",FALSE,1,598964,FALSE,"",1
"notropis hudsonius","Notropis hudsonius",FALSE,1,135051,FALSE,"",1
"notropis photogenis","Notropis photogenis",FALSE,1,550202,FALSE,"",1
"noturus gyrinus","Noturus gyrinus",FALSE,1,652777,FALSE,"",1
"nucella canaliculata","Nucella canaliculata",FALSE,1,1085941,FALSE,"",1
"nucella emarginata","Nucella emarginata",FALSE,1,1085951,FALSE,"",1
"nucella lamellosa","Nucella lamellosa",FALSE,1,509217,FALSE,"",1
"nucella lapillus","Nucella lapillus",FALSE,1,509218,FALSE,"",1
"nucella ostrina","Nucella ostrina",FALSE,1,22397,FALSE,"",1
"nucifraga columbiana","Nucifraga columbiana",FALSE,1,425442,FALSE,"",1
"nucras tessellata","Nucras tessellata",FALSE,1,437763,FALSE,"",1
"nyctereutes procyonoides","Nyctereutes procyonoides",FALSE,1,949680,FALSE,"",1
"obelia dichotoma","Obelia dichotoma",FALSE,1,1097118,FALSE,"",1
"obipteryx","Obipteryx",FALSE,1,5018807,FALSE,"",1
"oblada melanura","Oblada melanura",FALSE,1,528668,FALSE,"",1
"oceanites oceanicus","Oceanites oceanicus",FALSE,1,656591,FALSE,"",1
"ocenebra lurida","Ocinebrina lurida",FALSE,1,2909169,TRUE,"",1
"ochmacanthus alternus","Ochmacanthus alternus",FALSE,1,56579,FALSE,"",1
"ommastrephes bartramii","Ommastrephes bartramii",FALSE,1,754413,FALSE,"",1
"oncorhynchus gorbuscha","Oncorhynchus gorbuscha",FALSE,1,739927,FALSE,"",1
"oncorhynchus mykiss","Oncorhynchus mykiss (species in domain Eukaryota)",FALSE,1,165368,FALSE,"",1
"oneirodes thompsoni","Oneirodes thompsoni",FALSE,1,36648,FALSE,"",1
"opheodrys aestivus","Opheodrys aestivus",FALSE,1,259049,FALSE,"",1
"ophiacantha pentactis","Ophiacantha pentactis",FALSE,1,3655196,FALSE,"sibling_higher",1
"ophioglypha texturata","Ophiura ophiura",FALSE,1,60289,TRUE,"sibling_higher",1
"ophionotus victoriae","Ophionotus victoriae",FALSE,1,394241,FALSE,"",1
"ophioperla koehleri","Ophioperla koehleri",FALSE,1,3655441,FALSE,"",1
"ophiopholis aculeata","Ophiopholis aculeata",FALSE,1,146373,FALSE,"",1
"ophiosparte gigas","Ophiosparte gigas",FALSE,1,1095337,FALSE,"",1
"ophiothrix fragilis","Ophiothrix fragilis",FALSE,1,41884,FALSE,"sibling_higher",1
"ophiura albida","Ophiura albida",FALSE,1,331948,FALSE,"sibling_higher",1
"ophiura sarsii","Ophiura sarsii",FALSE,1,1076435,FALSE,"sibling_higher",1
"ophiurolepis gelida","Ophioplinthus gelida",FALSE,1,568759,TRUE,"",1
"oreochromis macrochir","Oreochromis macrochir",FALSE,1,336337,FALSE,"sibling_higher",1
"orthasterias koehleri","Orthasterias koehleri",FALSE,1,136032,FALSE,"",1
"osornophryne percrassa","Osornophryne percrassa",FALSE,1,63574,FALSE,"",1
"osteopilus septentrionalis","Osteopilus septentrionalis",FALSE,1,528961,FALSE,"",1
"ostrovus","Ostrovus",FALSE,1,5015903,FALSE,"sibling_higher",1
"oswaldella antarctica","Oswaldella antarctica",FALSE,1,3682848,FALSE,"",1
"otocyon megalotis","Otocyon megalotis",FALSE,1,821973,FALSE,"",1
"ovalipes catharus","Ovalipes catharus",FALSE,1,2979114,FALSE,"",1
"oxybelis aeneus","Oxybelis aeneus",FALSE,1,809248,FALSE,"",1
"oxybelis fulgidus","Oxybelis fulgidus",FALSE,1,10062,FALSE,"",1
"oyamia","Oyamia",FALSE,1,1061771,FALSE,"",1
"pachydactylus bibronii","Chondrodactylus bibronii",FALSE,1,435224,TRUE,"",1
"pachydactylus capensis","Pachydactylus capensis",FALSE,1,676900,FALSE,"",2
"pachydactylus rugosus","Pachydactylus rugosus",FALSE,1,153679,FALSE,"",1
"pagurus bernhardus","Pagurus bernhardus",FALSE,1,929440,FALSE,"sibling_higher",1
"panthera leo","Panthera leo",FALSE,1,563151,FALSE,"",1
"pantherophis alleghaniensis","Pantherophis alleghaniensis",FALSE,1,689032,FALSE,"",1
"parachauliodes continentalis","Parachauliodes continentalis",FALSE,1,4586211,FALSE,"",1
"parachauliodes japonicus","Parachauliodes japonicus",FALSE,1,4586216,FALSE,"",1
"paragnetina","Paragnetina",FALSE,1,955268,FALSE,"",1
"parailia pellucida","Parailia pellucida",FALSE,1,415375,FALSE,"",1
"paralichthys lethostigma","Paralichthys lethostigma",FALSE,1,375988,FALSE,"",1
"paralithodes camtschatica","Paralithodes camtschaticus",FALSE,1,131917,TRUE,"",1
"paramesotriton hongkongensis","Paramesotriton hongkongensis",FALSE,1,932570,FALSE,"",1
"pardosa ramulosa","Pardosa ramulosa",FALSE,1,3558106,FALSE,"",1
"parmaturus xaniurus","Parmaturus xaniurus",FALSE,1,568234,FALSE,"",1
"paruroctonus mesaensis","Paruroctonus mesaensis",FALSE,1,964149,FALSE,"",2
"parvilux ingens","Parvilux ingens",FALSE,1,307336,FALSE,"",1
"pedioplanis lineoocellata","Pedioplanis lineoocellata",FALSE,1,257070,FALSE,"",1
"pedioplanis namaquensis","Pedioplanis namaquensis",FALSE,1,300885,FALSE,"",1
"pellona castelnaeana","Pellona castelnaeana",FALSE,1,482290,FALSE,"",1
"pelophylax nigromaculatus","Pelophylax nigromaculatus",FALSE,1,14673,FALSE,"",1
"pentaceraster cumingi","Pentaceraster cumingi",FALSE,1,890990,FALSE,"",1
"perca flavescens","Perca flavescens",FALSE,1,186474,FALSE,"",1
"perca fluviatilis","Perca fluviatilis",FALSE,1,186488,FALSE,"",1
"peristernia australiensis","Peristernia australiensis",FALSE,1,2898510,FALSE,"",1
"peristernia chlorostoma","Peristernia chlorostoma",FALSE,1,2898746,FALSE,"",1
"peristernia forskalii","Peristernia forskalii",FALSE,1,2898743,FALSE,"",1
"peristernia nassatula","Peristernia nassatula",FALSE,1,2898741,FALSE,"",1
"peristernia reincarnata","Peristernia reincarnata",FALSE,1,2898508,FALSE,"",1
"peristernia ustulata","Peristernia ustulata",FALSE,1,2898511,FALSE,"",1
"petricia vernicina","Petricia vernicina",FALSE,1,845191,FALSE,"",1
"petrocephalus catostoma","Petrocephalus catostoma",FALSE,1,39898,FALSE,"",1
"phaeognathus hubrichti","Phaeognathus hubrichti",FALSE,1,319473,FALSE,"",1
"phalacrocorax aristotelis","Gulosus aristotelis",FALSE,1,1021952,TRUE,"",1
"phalacrocorax carbo","Phalacrocorax carbo",FALSE,1,969841,FALSE,"",1
"phalacrocorax sulcirostris","Phalacrocorax sulcirostris",FALSE,1,443642,FALSE,"",1
"phalacrocorax varius","Phalacrocorax varius",FALSE,1,701202,FALSE,"",1
"pharyngochromis darlingi","Pharyngochromis darlingi",FALSE,1,3635799,FALSE,"",1
"phoca groenlandica","Phoca groenlandica",FALSE,1,664062,FALSE,"sibling_higher",1
"phoca vitulina","Phoca vitulina",FALSE,1,698422,FALSE,"sibling_higher",1
"phocoena phocoena","Phocoena phocoena",FALSE,1,851312,FALSE,"",1
"phrynobatrachus mababiensis","Phrynobatrachus mababiensis",FALSE,1,406427,FALSE,"",1
"phrynosoma platyrhinos","Phrynosoma platyrhinos",FALSE,1,671419,FALSE,"",1
"phtheirichthys lineatus","Phtheirichthys lineatus",FALSE,1,204918,FALSE,"",1
"phyllodytes luteolus","Phyllodytes luteolus",FALSE,1,144103,FALSE,"",1
"phyllomedusa burmeisteri","Phyllomedusa burmeisteri",FALSE,1,65473,FALSE,"sibling_higher",1
"phyllomedusa rohdei","Pithecopus rohdei",FALSE,1,364552,TRUE,"",1
"physeter macrocephalus","Physeter catodon",FALSE,1,276851,TRUE,"sibling_higher",1
"pimelodella","Pimelodella",FALSE,1,957296,FALSE,"",1
"pimephales promelas","Pimephales promelas",FALSE,1,564459,FALSE,"",1
"pisaster brevispinus","Pisaster brevispinus",FALSE,1,76842,FALSE,"",1
"pisaster ochraceus","Pisaster ochraceus",FALSE,1,76843,FALSE,"",1
"pituophis melanoleucus","Pituophis melanoleucus",FALSE,1,405961,FALSE,"",2
"plagioscion squamosissimus","Plagioscion squamosissimus",FALSE,1,489923,FALSE,"",1
"platichthys flesus","Platichthys flesus",FALSE,1,408331,FALSE,"",1
"platycephalus speculator","Platycephalus speculator",FALSE,1,411598,FALSE,"",1
"platydoris argo","Platydoris argo",FALSE,1,683207,FALSE,"",1
"platynematichthys notatus","Platynematichthys notatus",FALSE,1,761562,FALSE,"",1
"platyrhina tangi","Platyrhina tangi",FALSE,1,3594804,FALSE,"",1
"plectrocnemia","Plectrocnemia",FALSE,1,681019,FALSE,"",1
"plectropomus maculatus","Plectropomus maculatus",FALSE,1,231681,FALSE,"",1
"plesionika acanthonotus","Plesionika acanthonotus",FALSE,1,153754,FALSE,"sibling_higher",1
"plesionika edwardsii","Plesionika edwardsii",FALSE,1,937710,FALSE,"sibling_higher",1
"plesionika gigliolii","Plesionika gigliolii",FALSE,1,4665958,FALSE,"sibling_higher",1
"plesionika heterocarpus","Plesionika heterocarpus",FALSE,1,499740,FALSE,"sibling_higher",1
"plesionika martia","Plesionika martia",FALSE,1,153795,FALSE,"sibling_higher",1
"plethodon albagula","Plethodon albagula",FALSE,1,162448,FALSE,"",1
"plethodon cinereus","Plethodon cinereus",FALSE,1,923025,FALSE,"",1
"plethodon shermani","Plethodon shermani",FALSE,1,942942,FALSE,"",1
"pleurobrachia pileus","Pleurobrachia pileus",FALSE,1,626459,FALSE,"",1
"pleurobranchaea californica","Pleurobranchaea californica",FALSE,1,473886,FALSE,"",1
"pleurodema diplolister","Pleurodema diplolister",FALSE,1,806505,FALSE,"sibling_higher",1
"pleuronectes platessa","Pleuronectes platessa",FALSE,1,408337,FALSE,"",1
"plica plica","Plica plica",FALSE,1,761851,FALSE,"",1
"plica umbra","Plica umbra",FALSE,1,761862,FALSE,"",1
"plocamopherus tilesii","Plocamopherus tilesii",FALSE,1,2875191,FALSE,"",1
"plotosus canius","Plotosus canius",FALSE,1,970405,FALSE,"",1
"poecilia latipinna","Poecilia latipinna",FALSE,1,998174,FALSE,"",1
"pogonias cromis","Pogonias cromis",FALSE,1,897436,FALSE,"",1
"pollimyrus castelnaui","Pollimyrus castelnaui",FALSE,1,1016847,FALSE,"",1
"polysticta stelleri","Polysticta stelleri",FALSE,1,1050966,FALSE,"",1
"pomadasys crocro","Rhonciscus crocro",FALSE,1,479877,TRUE,"",1
"pomatoschistus microps","Pomatoschistus microps",FALSE,1,1069642,FALSE,"",1
"pomoxis nigromaculatus","Pomoxis nigromaculatus",FALSE,1,437614,FALSE,"",1
"pontaster tenuispinus","Pontaster tenuispinus",FALSE,1,875661,FALSE,"",1
"ponticola kessleri","Ponticola kessleri",FALSE,1,496725,FALSE,"",1
"pontoporia blainvillei","Pontoporia blainvillei",FALSE,1,140448,FALSE,"sibling_higher",1
"poromitra curilensis","Poromitra curilensis",FALSE,1,3631074,FALSE,"",1
"potamanthus formosus","Potamanthus formosus",FALSE,1,5014065,FALSE,"",1
"potamites ecpleopus","Potamites ecpleopus",FALSE,1,588798,FALSE,"",1
"potamites juruazensis","Potamites juruazensis",FALSE,1,588797,FALSE,"",1
"potamotrygon magdalenae","Potamotrygon magdalenae",FALSE,1,3594713,FALSE,"",1
"priacanthus tayenus","Priacanthus tayenus",FALSE,1,752890,FALSE,"",1
"prionace glauca","Prionace glauca",FALSE,1,361523,FALSE,"",1
"prionobrama filigera","Prionobrama filigera",FALSE,1,383021,FALSE,"",1
"prionodactylus oshaughnessyi","Cercosaura oshaughnessyi",FALSE,1,967617,TRUE,"",1
"pristobrycon","Pristobrycon",FALSE,1,597350,FALSE,"",1
"pristobrycon striolatus","Pristobrycon striolatus",FALSE,1,597346,FALSE,"",1
"protohermes grandis","Protohermes grandis",FALSE,1,302305,FALSE,"",1
"protomyctophum anderssoni","Krefftichthys anderssoni",FALSE,1,785196,TRUE,"",1
"protomyctophum bolini","Protomyctophum bolini",FALSE,1,752882,FALSE,"sibling_higher",1
"protomyctophum choriodon","Protomyctophum choriodon",FALSE,1,357757,FALSE,"sibling_higher",1
"protomyctophum tenisoni","Protomyctophum tenisoni",FALSE,1,3629399,FALSE,"sibling_higher",1
"protomyctophum thompsoni","Protomyctophum thompsoni",FALSE,1,785202,FALSE,"sibling_higher",1
"psellogrammus kennedyi","Psellogrammus kennedyi",FALSE,1,575370,FALSE,"",1
"pseudis bolbodactyla","Pseudis bolbodactyla",FALSE,1,677455,FALSE,"",1
"pseudis limellum","Pseudis limellum",FALSE,1,1088048,FALSE,"",1
"pseudis minuta","Pseudis minuta",FALSE,1,173495,FALSE,"",1
"pseudis paradoxa","Pseudis paradoxa",FALSE,1,1035873,FALSE,"",1
"pseudis tocantins","Pseudis tocantins",FALSE,1,677469,FALSE,"",1
"pseudobatos horkelii","Pseudobatos horkelii",FALSE,1,751553,FALSE,"",1
"pseudobatos percellens","Pseudobatos percellens",FALSE,1,751549,FALSE,"",1
"pseudocrenilabrus philander","Pseudocrenilabrus philander",FALSE,1,828443,FALSE,"",1
"pseudogonatodes guianensis","Pseudogonatodes guianensis",FALSE,1,935362,FALSE,"",1
"pseudopleuronectes americanus","Pseudopleuronectes americanus",FALSE,1,261419,FALSE,"",1
"pseudotriton ruber","Pseudotriton ruber",FALSE,1,1017693,FALSE,"",1
"psilaster andromeda","Psilaster andromeda",FALSE,1,3656962,FALSE,"",1
"psilaster pectinatus","Psilaster pectinatus",FALSE,1,589804,FALSE,"",1
"ptenopus garrulus","Ptenopus garrulus",FALSE,1,4122801,FALSE,"",1
"pterois","Pterois",FALSE,1,1075152,FALSE,"",1
"pteroplatytrygon violacea","Pteroplatytrygon violacea",FALSE,1,478977,FALSE,"",1
"pterostichus melanarius","Pterostichus melanarius",FALSE,1,1046677,FALSE,"",1
"ptychadena anchietae","Ptychadena anchietae",FALSE,1,160735,FALSE,"",1
"ptychadena mascareniensis","Ptychadena mascareniensis",FALSE,1,799886,FALSE,"",1
"ptychocheilus lucius","Ptychocheilus lucius",FALSE,1,338643,FALSE,"",1
"puma concolor","Puma concolor",FALSE,1,42307,FALSE,"",1
"pungitius pungitius","Pungitius pungitius",FALSE,1,561269,FALSE,"",1
"pusa hispida","Pusa hispida",FALSE,1,175251,FALSE,"",1
"pycnopodia helianthoides","Pycnopodia helianthoides",FALSE,1,197638,FALSE,"",1
"pygocentrus cariba","Pygocentrus cariba",FALSE,1,681015,FALSE,"",1
"pygopristis denticulata","Pygopristis denticulata",FALSE,1,512352,FALSE,"",1
"pygopus nigriceps","Pygopus nigriceps",FALSE,1,836591,FALSE,"",1
"pygoscelis papua","Pygoscelis papua",FALSE,1,1028837,FALSE,"",1
"pyrenestes ostrinus","Pyrenestes ostrinus",FALSE,1,969503,FALSE,"",1
"pyrrhulina lugubris","Pyrrhulina lugubris",FALSE,1,3624408,FALSE,"",1
"quasipaa verrucospinosa","Quasipaa verrucospinosa",FALSE,1,223113,FALSE,"",1
"quelea erythrops","Quelea erythrops",FALSE,1,3597756,FALSE,"",1
"rachovia maculipinnis","Rachovia maculipinnis",FALSE,1,663844,FALSE,"",1
"rachycentron canadum","Rachycentron canadum",FALSE,1,424305,FALSE,"",1
"raja miraletus","Raja miraletus",FALSE,1,884661,FALSE,"",1
"raja radula","Raja radula",FALSE,1,607390,FALSE,"",1
"raja velezi","Raja velezi",FALSE,1,126586,FALSE,"",1
"rana areolata","Rana areolata",FALSE,1,413846,FALSE,"",1
"rana catesbeiana","Rana catesbeiana",FALSE,1,14688,FALSE,"",1
"rana draytonii","Rana draytonii",FALSE,1,597569,FALSE,"",2
"rana graeca","Rana graeca",FALSE,1,886097,FALSE,"",1
"rana limnocharis","Fejervarya limnocharis",FALSE,1,656225,TRUE,"",1
"rana swinhoana","Odorrana swinhoana",FALSE,1,14392,TRUE,"",1
"ranitomeya virolinensis","Andinobates virolinensis",FALSE,1,296388,TRUE,"",1
"rathbunaster californicus","Rathbunaster californicus",FALSE,1,781471,FALSE,"",1
"rathkea octopunctata","Rathkea octopunctata",FALSE,1,349960,FALSE,"",1
"rattus rattus","Rattus rattus",FALSE,1,271571,FALSE,"",1
"regina grahami","Regina grahamii",FALSE,1,505611,TRUE,"",1
"regina septemvittata","Regina septemvittata",FALSE,1,505615,FALSE,"",1
"reinhardtius hippoglossoides","Reinhardtius hippoglossoides",FALSE,1,835141,FALSE,"",1
"remora albescens","Remorina albescens",FALSE,1,204911,TRUE,"",1
"remora brachyptera","Remora brachyptera",FALSE,1,204925,FALSE,"",1
"remora osteochir","Remora osteochir",FALSE,1,1047853,FALSE,"",1
"remora remora","Remora remora",FALSE,1,114802,FALSE,"",1
"retropinna semoni","Retropinna semoni",FALSE,1,37102,FALSE,"",1
"rhamdia","Rhamdia",FALSE,1,218153,FALSE,"",1
"rhamdia guatemalensis","Rhamdia guatemalensis",FALSE,1,195322,FALSE,"",1
"rhamphichthys marmoratus","Rhamphichthys marmoratus",FALSE,1,444,FALSE,"",1
"rhincodon typus","Rhincodon typus",FALSE,1,214509,FALSE,"",1
"rhinella hoogmoedi","Rhinella hoogmoedi",FALSE,1,777275,FALSE,"",1
"rhinichthys osculus","Rhinichthys osculus",FALSE,1,592028,FALSE,"",1
"rhizophysa eysenhardti","Rhizophysa eysenhardti",FALSE,1,338557,FALSE,"",1
"rhizoprionodon terraenovae","Rhizoprionodon terraenovae",FALSE,1,611836,FALSE,"",1
"rhyacophila","Rhyacophila",FALSE,1,200016,FALSE,"",1
"rhyacophila brevicephala","Rhyacophila brevicephala",FALSE,1,3019781,FALSE,"",1
"rhyacophila kawamurae","Rhyacophila kawamurae",FALSE,1,3019435,FALSE,"",1
"rhyacophila kisoensis","Rhyacophila kisoensis",FALSE,1,3019883,FALSE,"",1
"rhyacophila lezeyi","Rhyacophila lezeyi",FALSE,1,3019524,FALSE,"",1
"rhyacophila nipponica","Rhyacophila nipponica",FALSE,1,245929,FALSE,"",1
"rhyacophila shikotsuensis","Rhyacophila shikotsuensis",FALSE,1,3019561,FALSE,"",1
"rhyacophila transquilla","Rhyacophila transquilla",FALSE,1,3019703,FALSE,"",1
"rhynchoedura ornata","Rhynchoedura ornata",FALSE,1,495356,FALSE,"",1
"rissa tridactyla","Rissa tridactyla",FALSE,1,585161,FALSE,"",1
"rivulus isthmensis","Cynodonichthys isthmensis",FALSE,1,684063,TRUE,"",1
"roeboides dayi","Roeboides dayi",FALSE,1,482072,FALSE,"",1
"roeboides guatemalensis","Roeboides guatemalensis",FALSE,1,482068,FALSE,"",1
"rosacea cymbiformis","Rosacea cymbiformis",FALSE,1,945676,FALSE,"",1
"sagamichthys abei","Sagamichthys abei",FALSE,1,592550,FALSE,"",1
"sagitta bipunctata","Sagitta bipunctata",FALSE,1,778688,FALSE,"",1
"sagitta elegans","Sagitta elegans",FALSE,1,49627,FALSE,"",2
"sagitta enflata","Sagitta enflata",FALSE,1,273695,FALSE,"",2
"sagitta friderici","Parasagitta friderici",FALSE,1,3660498,TRUE,"",1
"sagitta gazellae","Sagitta gazellae",FALSE,1,476665,FALSE,"",2
"sagitta serratodentata","Sagitta serratodentata",FALSE,1,476667,FALSE,"",2
"sagitta setosa","Sagitta setosa",FALSE,1,476668,FALSE,"",2
"salamandra corsica","Salamandra corsica",FALSE,1,958220,FALSE,"",1
"salamandra lanzai","Salamandra lanzai",FALSE,1,873622,FALSE,"",1
"salamandrina perspicillata","Salamandrina perspicillata",FALSE,1,254332,FALSE,"",1
"salmo salar","Salmo salar",FALSE,1,688328,FALSE,"",1
"salvelinus alpinus","Salvelinus alpinus",FALSE,1,688324,FALSE,"",1
"salvelinus namaycush","Salvelinus namaycush",FALSE,1,114152,FALSE,"",1
"sander lucioperca","Sander lucioperca",FALSE,1,557682,FALSE,"",1
"sargochromis carlottae","Sargochromis carlottae",FALSE,1,465681,FALSE,"",1
"sargochromis codringtonii","Sargochromis codringtonii",FALSE,1,465685,FALSE,"",1
"sargochromis giardi","Sargochromis giardi",FALSE,1,1063570,FALSE,"",1
"satanoperca daemon","Satanoperca daemon",FALSE,1,1044199,FALSE,"",1
"sceloporus magister","Sceloporus magister",FALSE,1,342583,FALSE,"",1
"schilbe mystus","Schilbe mystus",FALSE,1,1016850,FALSE,"",1
"schoutedenella xenodactyloides","Arthroleptis xenodactyloides",FALSE,1,107609,TRUE,"",1
"sciaenops ocellatus","Sciaenops ocellatus",FALSE,1,433079,FALSE,"",1
"scomber scombrus","Scomber scombrus",FALSE,1,70561,FALSE,"",1
"scopelogadus mizolepis","Scopelogadus mizolepis",FALSE,1,960323,FALSE,"",1
"scopelosaurus adleri","Scopelosaurus adleri",FALSE,1,3629276,FALSE,"",1
"scorpaena notata","Scorpaena notata",FALSE,1,802565,FALSE,"",1
"scyliorhinus canicula","Scyliorhinus canicula",FALSE,1,1026500,FALSE,"",1
"scyliorhinus stellaris","Scyliorhinus stellaris",FALSE,1,901864,FALSE,"",1
"scytodes longipes","Scytodes longipes",FALSE,1,3541723,FALSE,"",1
"searlesia dira","Lirabuccinum dirum",FALSE,1,396109,TRUE,"",1
"sebastes norvegicus","Sebastes norvegicus",FALSE,1,1088441,FALSE,"sibling_higher",1
"semotilus corporalis","Semotilus corporalis",FALSE,1,964884,FALSE,"",1
"sepia officinalis","Sepia officinalis",FALSE,1,528817,FALSE,"",1
"serrabrycon magoi","Serrabrycon magoi",FALSE,1,3625983,FALSE,"",1
"serranochromis altus","Serranochromis altus",FALSE,1,516047,FALSE,"",1
"serranochromis angusticeps","Serranochromis angusticeps",FALSE,1,465664,FALSE,"",1
"serranochromis macrocephalus","Serranochromis macrocephalus",FALSE,1,465668,FALSE,"",1
"serranochromis robustus","Serranochromis robustus",FALSE,1,841786,FALSE,"",1
"serrapinnus","Serrapinnus",FALSE,1,641495,FALSE,"",1
"serrapinnus notomelas","Serrapinnus notomelas",FALSE,1,199867,FALSE,"",1
"serrasalmus irritans","Serrasalmus irritans",FALSE,1,412298,FALSE,"",1
"serrasalmus manueli","Serrasalmus manueli",FALSE,1,681000,FALSE,"",1
"serrasalmus rhombeus","Serrasalmus rhombeus",FALSE,1,382210,FALSE,"",1
"serrivomer sector","Serrivomer sector",FALSE,1,398735,FALSE,"",1
"sieboldius albardae","Sieboldius albardae",FALSE,1,45911,FALSE,"",1
"silurus glanis","Silurus glanis",FALSE,1,272344,FALSE,"",1
"sinogomphus flavolimbatus","Sinogomphus flavolimbatus",FALSE,1,45917,FALSE,"",1
"solaster dawsoni","Solaster dawsoni",FALSE,1,258318,FALSE,"",1
"solaster endeca","Solaster endeca",FALSE,1,24894,FALSE,"",1
"solaster stimpsoni","Solaster stimpsoni",FALSE,1,977088,FALSE,"",1
"solea senegalensis","Solea senegalensis",FALSE,1,366998,FALSE,"",1
"somateria mollissima","Somateria mollissima",FALSE,1,785961,FALSE,"",1
"somniosus microcephalus","Somniosus microcephalus",FALSE,1,442057,FALSE,"",1
"sotalia guianensis","Sotalia guianensis",FALSE,1,250045,FALSE,"",1
"spea multiplicata","Spea multiplicata",FALSE,1,1013104,FALSE,"",1
"speleomantes italicus","Hydromantes italicus",FALSE,1,637551,TRUE,"",1
"sphaeronectes gracilis","Sphaeronectes koellikeri",FALSE,1,54559,TRUE,"",1
"sphyraena barracuda","Sphyraena barracuda",FALSE,1,25363,FALSE,"incertae_sedis_inherited",1
"sphyrna lewini","Sphyrna lewini",FALSE,1,450134,FALSE,"",1
"sphyrna zygaena","Sphyrna zygaena",FALSE,1,970843,FALSE,"",1
"spinachia spinachia","Spinachia spinachia",FALSE,1,111671,FALSE,"",1
"sprattus sprattus","Sprattus sprattus",FALSE,1,25768,FALSE,"",1
"squalus acanthias","Squalus acanthias",FALSE,1,1019126,FALSE,"",1
"stavsolus","Stavsolus",FALSE,1,5015910,FALSE,"",1
"stenella attenuata","Stenella attenuata",FALSE,1,124220,FALSE,"sibling_higher",1
"stenella coeruleoalba","Stenella coeruleoalba",FALSE,1,124224,FALSE,"sibling_higher",1
"stenobrachius leucopsarus","Stenobrachius leucopsarus",FALSE,1,169233,FALSE,"",1
"stenobrachius nannochir","Stenobrachius nannochir",FALSE,1,341485,FALSE,"",1
"stenopsyche marmorata","Stenopsyche marmorata",FALSE,1,737181,FALSE,"",1
"stenopsyche sauteri","Stenopsyche sauteri",FALSE,1,309015,FALSE,"",1
"sternoptyx diaphana","Sternoptyx diaphana",FALSE,1,602717,FALSE,"",1
"sternoptyx pseudobscura","Sternoptyx pseudobscura",FALSE,1,568250,FALSE,"",1
"stichaeus punctatus","Stichaeus punctatus",FALSE,1,792031,FALSE,"",1
"stomias atriventer","Stomias atriventer",FALSE,1,47469,FALSE,"",1
"storeria dekayi","Storeria dekayi",FALSE,1,505605,FALSE,"",1
"storeria occipitomaculata","Storeria occipitomaculata",FALSE,1,511700,FALSE,"",1
"stramonita haemastoma","Stramonita haemastoma",FALSE,1,663884,FALSE,"",1
"strophopteryx","Strophopteryx",FALSE,1,902654,FALSE,"",1
"strophurus elderi","Strophurus elderi",FALSE,1,756065,FALSE,"",1
"strophurus strophurus","Strophurus strophurus",FALSE,1,902093,FALSE,"",1
"stylasterias forreri","Stylasterias forreri",FALSE,1,136031,FALSE,"",1
"stylogomphus suzukii","Stylogomphus suzukii",FALSE,1,168225,FALSE,"",1
"sulculeolaria chuni","Sulculeolaria chuni",FALSE,1,3680635,FALSE,"",1
"sulculeolaria monoica","Sulculeolaria monoica",FALSE,1,3680638,FALSE,"",1
"sulculeolaria quadrivalvis","Sulculeolaria quadrivalvis",FALSE,1,1062858,FALSE,"",1
"sulculeolaria turgida","Sulculeolaria turgida",FALSE,1,3680636,FALSE,"",1
"sweltsa","Sweltsa",FALSE,1,952494,FALSE,"",1
"symbolophorus californiensis","Symbolophorus californiensis",FALSE,1,785193,FALSE,"",1
"synbranchus marmoratus","Synbranchus marmoratus",FALSE,1,989907,FALSE,"",1
"syngnathus abaster","Syngnathus abaster",FALSE,1,774429,FALSE,"",1
"syngnathus acus","Syngnathus acus",FALSE,1,774440,FALSE,"",1
"syngnathus scovelli","Syngnathus scovelli",FALSE,1,251400,FALSE,"",1
"syngnathus typhle","Syngnathus typhle",FALSE,1,251396,FALSE,"",1
"synodontis leopardinus","Synodontis leopardinus",FALSE,1,664985,FALSE,"",1
"synodontis macrostigma","Synodontis macrostigma",FALSE,1,494913,FALSE,"",1
"synodontis nigromaculatus","Synodontis nigromaculata",FALSE,1,577014,TRUE,"",1
"synodontis woosnami","Synodontis woosnami",FALSE,1,664997,FALSE,"",1
"tabanus sapporoenus","Tabanus sapporoenus",FALSE,1,4451048,FALSE,"",1
"tachypleus tridentatus","Tachypleus tridentatus",FALSE,1,511975,FALSE,"",1
"tactostoma macropus","Tactostoma macropus",FALSE,1,847908,FALSE,"",1
"tamoya haplonema","Tamoya haplonema",FALSE,1,749475,FALSE,"",1
"tantilla coronata","Tantilla coronata",FALSE,1,4121423,FALSE,"sibling_higher",1
"tantilla gracilis","Tantilla gracilis",FALSE,1,4121456,FALSE,"sibling_higher",1
"tarletonbeania crenularis","Tarletonbeania crenularis",FALSE,1,692175,FALSE,"",1
"tautogolabrus adspersus","Tautogolabrus adspersus",FALSE,1,368670,FALSE,"",1
"tenguella marginalba","Tenguella marginalba",FALSE,1,506639,FALSE,"",1
"tenguella musiva","Tenguella musiva",FALSE,1,586019,FALSE,"",1
"thais clavigera","Reishia clavigera",FALSE,1,92194,TRUE,"",1
"thalassoica antarctica","Thalassoica antarctica",FALSE,1,656580,FALSE,"",1
"thamnophis atratus","Thamnophis atratus",FALSE,1,681050,FALSE,"",1
"thamnophis butleri","Thamnophis butleri",FALSE,1,681053,FALSE,"",1
"thamnophis cyrtopsis","Thamnophis cyrtopsis",FALSE,1,786613,FALSE,"",2
"thamnophis elegans","Thamnophis elegans",FALSE,1,681054,FALSE,"",1
"thamnophis eques","Thamnophis eques",FALSE,1,681057,FALSE,"",1
"thamnophis ordinoides","Thamnophis ordinoides",FALSE,1,631732,FALSE,"",1
"thamnophis radix","Thamnophis radix",FALSE,1,631806,FALSE,"",1
"thamnophis rufipunctatus","Thamnophis rufipunctatus",FALSE,1,147044,FALSE,"",1
"thamnophis saurita","Thamnophis saurita",FALSE,1,147067,FALSE,"",1
"thamnophis sirtalis","Thamnophis sirtalis",FALSE,1,107027,FALSE,"",1
"thecadactylus rapicauda","Thecadactylus rapicauda",FALSE,1,597587,FALSE,"",1
"thoropa miliaris","Thoropa miliaris",FALSE,1,1008742,FALSE,"",1
"thrissacanthias penicillatus","Thrissacanthias penicillatus",FALSE,1,769826,FALSE,"",1
"thunnus albacares","Thunnus albacares",FALSE,1,833188,FALSE,"",1
"thysanoessa raschii","Thysanoessa raschii",FALSE,1,874753,FALSE,"",1
"tilapia mariae","Pelmatolapia mariae",FALSE,1,910905,TRUE,"",1
"timon lepidus","Timon lepidus",FALSE,1,430811,FALSE,"",1
"tipula","Tipula",FALSE,1,990415,FALSE,"",1
"tomopterna cryptotis","Tomopterna cryptotis",FALSE,1,56902,FALSE,"",1
"torpedo peruana","Tetronarce peruana",FALSE,1,3594641,TRUE,"",1
"tosia australis","Tosia australis",FALSE,1,485458,FALSE,"sibling_higher",1
"trachelyopterus galeatus","Trachelyopterus galeatus",FALSE,1,671060,FALSE,"",1
"trachurus mediterraneus","Trachurus mediterraneus",FALSE,1,174577,FALSE,"",1
"trachylepis quinquetaeniata","Trachylepis quinquetaeniata",FALSE,1,1030886,FALSE,"",1
"trachylepis spilogaster","Trachylepis spilogaster",FALSE,1,38020,FALSE,"",1
"trachylepis striata","Trachylepis striata",FALSE,1,689449,FALSE,"",1
"trachylepis variegata","Trachylepis variegata",FALSE,1,52106,FALSE,"",1
"trematomus bernacchii","Trematomus bernacchii",FALSE,1,985361,FALSE,"",1
"trematomus newnesi","Trematomus newnesi",FALSE,1,85034,FALSE,"",1
"triakis megalopterus","Triakis megalopterus",FALSE,1,748396,FALSE,"",1
"trigla gurnardus","Eutrigla gurnardus",FALSE,1,697144,TRUE,"",1
"trimeresurus gracilis","Trimeresurus gracilis",FALSE,1,450710,FALSE,"",1
"trinectes paulistanus","Trinectes paulistanus",FALSE,1,153497,FALSE,"",1
"triphoturus mexicanus","Triphoturus mexicanus",FALSE,1,396853,FALSE,"",1
"trochia cingulata","Trochia cingulata",FALSE,1,4157681,FALSE,"",1
"tropidophorus misaminius","Tropidophorus misaminius",FALSE,1,62330,FALSE,"",1
"tropidurus oreadicus","Tropidurus oreadicus",FALSE,1,187679,FALSE,"",1
"trygonorrhina fasciata","Trygonorrhina fasciata",FALSE,1,463555,FALSE,"",1
"tubularia ralphii","Tubularia ralphii",FALSE,1,3681769,FALSE,"",1
"tursiops aduncus","Tursiops aduncus",FALSE,1,257323,FALSE,"",1
"tursiops truncatus","Tursiops truncatus",FALSE,1,124230,FALSE,"",1
"ulvaria subbifurcata","Ulvaria subbifurcata",FALSE,1,550384,FALSE,"",1
"uma scoparia","Uma scoparia",FALSE,1,1062444,FALSE,"",1
"uracentron flaviceps","Uracentron flaviceps",FALSE,1,761858,FALSE,"",1
"uranoscodon superciliosus","Uranoscodon superciliosus",FALSE,1,32969,FALSE,"",1
"uria lomvia","Uria lomvia",FALSE,1,551817,FALSE,"",1
"urocyon cinereoargenteus","Urocyon cinereoargenteus",FALSE,1,685113,FALSE,"",1
"uromacer catesbyi","Uromacer catesbyi",FALSE,1,736365,FALSE,"",1
"uromacer oxyrhynchus","Uromacer oxyrhynchus",FALSE,1,579180,FALSE,"",1
"urophycis chuss","Urophycis chuss",FALSE,1,404847,FALSE,"",1
"urophycis tenuis","Urophycis tenuis",FALSE,1,404841,FALSE,"",1
"urosalpinx cinerea","Urosalpinx cinerea",FALSE,1,850826,FALSE,"sibling_higher",1
"urosaurus graciosus","Urosaurus graciosus",FALSE,1,647096,FALSE,"",1
"ursus arctos","Ursus arctos",FALSE,1,872567,FALSE,"",1
"uta stansburiana","Uta stansburiana",FALSE,1,867320,FALSE,"",1
"valencia letourneuxi","Valencia letourneuxi",FALSE,1,771627,FALSE,"",1
"varanus brevicauda","Varanus brevicauda",FALSE,1,747037,FALSE,"sibling_higher",1
"varanus eremius","Varanus eremius",FALSE,1,1024034,FALSE,"sibling_higher",1
"varanus gouldi","Varanus gouldii",FALSE,1,172908,TRUE,"sibling_higher",1
"varanus niloticus","Varanus niloticus",FALSE,1,172914,FALSE,"sibling_higher",1
"varanus tristis","Varanus tristis",FALSE,1,1082444,FALSE,"sibling_higher",1
"vasula melones","Vasula melones",FALSE,1,497228,FALSE,"",1
"vulpes chama","Vulpes chama",FALSE,1,821968,FALSE,"",1
"vulpes velox","Vulpes velox",FALSE,1,297455,FALSE,"",1
"vulpes vulpes","Vulpes vulpes",FALSE,1,821964,FALSE,"",1
"wormaldia","Wormaldia",FALSE,1,524304,FALSE,"",1
"xantusia vigilis","Xantusia vigilis",FALSE,1,139521,FALSE,"",1
"xenagoniates bondi","Xenagoniates bondi",FALSE,1,2702,FALSE,"",1
"xenopus borealis","Xenopus borealis",FALSE,1,465091,FALSE,"",1
"xiphias gladius","Xiphias gladius",FALSE,1,358621,FALSE,"",1
"zachaenus parvulus","Zachaenus parvulus",FALSE,1,272157,FALSE,"",1
"zapteryx exasperata","Zapteryx exasperata",FALSE,1,181823,FALSE,"",1
"zapteryx xyster","Zapteryx xyster",FALSE,1,3594603,FALSE,"",1
"zenaida asiatica","Zenaida asiatica",FALSE,1,715580,FALSE,"",1
"zenaida macroura","Zenaida macroura",FALSE,1,183576,FALSE,"",1
"ziphius cavirostris","Ziphius cavirostris",FALSE,1,800311,FALSE,"",1
